run,size,variant,seed,epochs,best_epoch,best_val_ll_log,last_val_ll_log
v2_1k_5p_ll_seed42,1k,standard,42,18,4,1.5795,0.0105
v2_1k_5p_ll_seed43,1k,standard,43,18,4,1.5726,0.0325
v2_1k_5p_ll_seed44,1k,standard,44,18,4,1.5883,0.0531
v2_10k_5p_ll_seed42,10k,standard,42,18,5,2.108,1.2995
v2_10k_5p_ll_seed43,10k,standard,43,18,7,2.0869,1.3381
v2_10k_5p_ll_seed44,10k,standard,44,18,6,2.097,1.3171
v2_50k_5p_ll_seed42,50k,standard,42,18,6,2.3181,2.0088
v2_50k_5p_ll_seed43,50k,standard,43,18,6,2.3185,2.0067
v2_50k_5p_ll_seed44,50k,standard,44,18,6,2.3205,2.0033
v2_100k_5p_ll_seed42,100k,standard,42,18,7,2.3904,2.2315
v2_100k_5p_ll_seed43,100k,standard,43,18,8,2.3844,2.2327
v2_200k_5p_ll_seed42,200k,standard,42,18,8,2.4593,2.4067
v2_200k_5p_ll_seed43,200k,standard,43,18,10,2.4567,2.4013
v2_400k_5p_ll_seed42,400k,standard,42,18,13,2.5337,2.5237
v2_800k_36ep_5p_ll_seed42,800k,36ep,42,36,29,2.602,2.5994
v2_800k_5p_ll_seed42,800k,standard,42,18,17,2.6038,2.6037
v2_800k_hflip_5p_ll_seed42,800k,hflip,42,18,16,2.5475,2.5456
