model,cond,n_pretrain,seed,res,ll_img,ll_fix,ig_cb_img,ig_cb_fix,cb_ll_img,nss_img,nss_fix,auc_img,auc_fix
ours,scratch,0,42,64,2.205,2.185,1.198,1.192,1.007,2.795,2.741,0.906,0.905
ours,scratch,0,42,128,2.196,2.175,1.21,1.203,0.986,2.791,2.737,0.905,0.904
ours,scratch,0,42,224,2.187,2.166,1.21,1.203,0.977,2.781,2.728,0.904,0.904
ours,scratch,0,43,64,2.184,2.162,1.177,1.169,1.007,2.761,2.706,0.904,0.903
ours,scratch,0,43,128,2.172,2.151,1.187,1.179,0.986,2.756,2.702,0.903,0.902
ours,scratch,0,43,224,2.164,2.143,1.187,1.18,0.977,2.746,2.692,0.902,0.902
ours,lad1k,1000,42,64,2.243,2.23,1.237,1.237,1.007,2.839,2.798,0.909,0.909
ours,lad1k,1000,42,128,2.232,2.219,1.247,1.247,0.986,2.835,2.794,0.908,0.908
ours,lad1k,1000,42,224,2.224,2.21,1.247,1.247,0.977,2.824,2.784,0.908,0.907
ours,lad1k,1000,43,64,2.268,2.252,1.261,1.259,1.007,2.861,2.818,0.909,0.909
ours,lad1k,1000,43,128,2.26,2.244,1.274,1.272,0.986,2.865,2.821,0.909,0.908
ours,lad1k,1000,43,224,2.252,2.236,1.275,1.273,0.977,2.855,2.812,0.908,0.908
ours,lad10k,10000,42,64,2.354,2.343,1.347,1.35,1.007,3.003,2.962,0.913,0.913
ours,lad10k,10000,42,128,2.343,2.331,1.357,1.359,0.986,3.006,2.964,0.912,0.912
ours,lad10k,10000,42,224,2.333,2.322,1.357,1.359,0.977,2.994,2.953,0.912,0.912
ours,lad10k,10000,43,64,2.363,2.35,1.356,1.357,1.007,2.988,2.947,0.914,0.914
ours,lad10k,10000,43,128,2.351,2.338,1.365,1.366,0.986,2.989,2.949,0.913,0.913
ours,lad10k,10000,43,224,2.341,2.329,1.365,1.365,0.977,2.976,2.936,0.913,0.912
ours,lad50k,50000,42,64,2.433,2.419,1.426,1.426,1.007,3.12,3.077,0.917,0.917
ours,lad50k,50000,42,128,2.422,2.408,1.437,1.436,0.986,3.123,3.08,0.916,0.916
ours,lad50k,50000,42,224,2.414,2.4,1.437,1.437,0.977,3.112,3.069,0.915,0.915
ours,lad50k,50000,43,64,2.417,2.404,1.41,1.411,1.007,3.103,3.06,0.917,0.917
ours,lad50k,50000,43,128,2.405,2.392,1.42,1.421,0.986,3.104,3.061,0.916,0.916
ours,lad50k,50000,43,224,2.395,2.382,1.418,1.419,0.977,3.091,3.048,0.915,0.915
ours,lad100k,100000,42,64,2.449,2.437,1.443,1.444,1.007,3.154,3.108,0.918,0.918
ours,lad100k,100000,42,128,2.442,2.429,1.456,1.457,0.986,3.162,3.116,0.918,0.917
ours,lad100k,100000,42,224,2.433,2.42,1.456,1.457,0.977,3.15,3.104,0.917,0.917
ours,lad100k,100000,43,64,2.44,2.429,1.434,1.435,1.007,3.142,3.096,0.918,0.918
ours,lad100k,100000,43,128,2.43,2.418,1.444,1.446,0.986,3.144,3.098,0.917,0.917
ours,lad100k,100000,43,224,2.42,2.408,1.443,1.444,0.977,3.131,3.086,0.917,0.917
ours,lad200k,200000,42,64,2.478,2.464,1.472,1.471,1.007,3.206,3.155,0.919,0.919
ours,lad200k,200000,42,128,2.47,2.456,1.484,1.484,0.986,3.215,3.164,0.919,0.918
ours,lad200k,200000,42,224,2.462,2.448,1.485,1.484,0.977,3.205,3.155,0.918,0.918
ours,lad200k,200000,43,64,2.47,2.458,1.463,1.464,1.007,3.2,3.152,0.92,0.919
ours,lad200k,200000,43,128,2.459,2.447,1.474,1.475,0.986,3.203,3.153,0.919,0.918
ours,lad200k,200000,43,224,2.449,2.437,1.473,1.474,0.977,3.189,3.141,0.918,0.918
ours,lad400k,400000,42,64,2.507,2.495,1.5,1.502,1.007,3.276,3.232,0.92,0.92
ours,lad400k,400000,42,128,2.497,2.486,1.512,1.514,0.986,3.281,3.236,0.92,0.919
ours,lad400k,400000,42,224,2.488,2.477,1.511,1.513,0.977,3.266,3.222,0.919,0.919
ours,lad400k,400000,43,64,2.503,2.493,1.496,1.5,1.007,3.267,3.226,0.921,0.92
ours,lad400k,400000,43,128,2.491,2.481,1.506,1.51,0.986,3.267,3.226,0.92,0.92
ours,lad400k,400000,43,224,2.481,2.471,1.504,1.508,0.977,3.25,3.209,0.919,0.919
ours,lad800k,800000,42,64,2.546,2.536,1.539,1.542,1.007,3.346,3.304,0.922,0.922
ours,lad800k,800000,42,128,2.535,2.525,1.55,1.553,0.986,3.35,3.306,0.921,0.921
ours,lad800k,800000,42,224,2.527,2.517,1.55,1.553,0.977,3.335,3.293,0.921,0.921
ours,lad800k,800000,43,64,2.538,2.529,1.531,1.536,1.007,3.346,3.306,0.922,0.922
ours,lad800k,800000,43,128,2.526,2.518,1.541,1.546,0.986,3.347,3.306,0.921,0.921
ours,lad800k,800000,43,224,2.516,2.508,1.539,1.544,0.977,3.332,3.291,0.92,0.921
ours,bv1k,1000,42,64,2.256,2.243,1.249,1.25,1.007,2.872,2.83,0.909,0.909
ours,bv1k,1000,42,128,2.247,2.234,1.262,1.263,0.986,2.874,2.831,0.908,0.908
ours,bv1k,1000,42,224,2.238,2.225,1.261,1.262,0.977,2.863,2.82,0.907,0.907
ours,bv1k,1000,43,64,2.252,2.234,1.245,1.241,1.007,2.848,2.799,0.908,0.908
ours,bv1k,1000,43,128,2.24,2.222,1.254,1.25,0.986,2.844,2.795,0.907,0.907
ours,bv1k,1000,43,224,2.231,2.214,1.255,1.25,0.977,2.835,2.786,0.907,0.907
ours,bv1k,1000,44,64,2.261,2.246,1.255,1.253,1.007,2.895,2.847,0.91,0.909
ours,bv1k,1000,44,128,2.253,2.238,1.267,1.266,0.986,2.897,2.848,0.909,0.908
ours,bv1k,1000,44,224,2.244,2.229,1.267,1.266,0.977,2.887,2.838,0.908,0.908
ours,bv1k,1000,45,64,2.237,2.221,1.23,1.228,1.007,2.842,2.795,0.908,0.908
ours,bv1k,1000,45,128,2.225,2.209,1.24,1.237,0.986,2.842,2.794,0.907,0.907
ours,bv1k,1000,45,224,2.216,2.2,1.239,1.237,0.977,2.832,2.784,0.907,0.906
ours,bv1k,1000,46,64,2.258,2.243,1.251,1.25,1.007,2.882,2.833,0.91,0.909
ours,bv1k,1000,46,128,2.247,2.232,1.261,1.26,0.986,2.876,2.827,0.909,0.908
ours,bv1k,1000,46,224,2.237,2.223,1.261,1.26,0.977,2.865,2.816,0.908,0.908
ours,bv10k,10000,42,64,2.406,2.396,1.4,1.403,1.007,3.101,3.059,0.917,0.917
ours,bv10k,10000,42,128,2.395,2.385,1.41,1.413,0.986,3.101,3.059,0.916,0.916
ours,bv10k,10000,42,224,2.386,2.375,1.409,1.412,0.977,3.089,3.048,0.916,0.916
ours,bv10k,10000,43,64,2.415,2.403,1.409,1.41,1.007,3.085,3.041,0.917,0.917
ours,bv10k,10000,43,128,2.403,2.39,1.417,1.418,0.986,3.081,3.036,0.916,0.916
ours,bv10k,10000,43,224,2.393,2.38,1.416,1.417,0.977,3.068,3.025,0.915,0.915
ours,bv10k,10000,44,64,2.42,2.406,1.413,1.413,1.007,3.09,3.045,0.917,0.917
ours,bv10k,10000,44,128,2.41,2.396,1.424,1.424,0.986,3.091,3.045,0.916,0.916
ours,bv10k,10000,44,224,2.401,2.387,1.424,1.424,0.977,3.077,3.032,0.916,0.915
ours,bv10k,10000,45,64,2.415,2.405,1.409,1.412,1.007,3.105,3.063,0.917,0.917
ours,bv10k,10000,45,128,2.403,2.393,1.418,1.421,0.986,3.104,3.062,0.916,0.916
ours,bv10k,10000,45,224,2.394,2.384,1.417,1.42,0.977,3.094,3.053,0.916,0.915
ours,bv10k,10000,46,64,2.421,2.411,1.414,1.418,1.007,3.1,3.059,0.918,0.918
ours,bv10k,10000,46,128,2.406,2.396,1.42,1.424,0.986,3.093,3.051,0.916,0.916
ours,bv10k,10000,46,224,2.396,2.386,1.419,1.423,0.977,3.08,3.039,0.916,0.916
ours,bv50k,50000,42,64,2.49,2.477,1.484,1.484,1.007,3.204,3.162,0.92,0.92
ours,bv50k,50000,42,128,2.479,2.466,1.494,1.494,0.986,3.206,3.163,0.919,0.919
ours,bv50k,50000,42,224,2.471,2.458,1.494,1.494,0.977,3.194,3.152,0.919,0.918
ours,bv50k,50000,43,64,2.475,2.465,1.468,1.472,1.007,3.187,3.148,0.92,0.92
ours,bv50k,50000,43,128,2.463,2.453,1.477,1.481,0.986,3.187,3.147,0.919,0.919
ours,bv50k,50000,43,224,2.453,2.443,1.476,1.48,0.977,3.175,3.135,0.918,0.918
ours,bv50k,50000,44,64,2.479,2.466,1.472,1.473,1.007,3.188,3.144,0.92,0.92
ours,bv50k,50000,44,128,2.468,2.454,1.482,1.482,0.986,3.186,3.142,0.919,0.919
ours,bv50k,50000,44,224,2.458,2.445,1.481,1.482,0.977,3.173,3.129,0.918,0.918
ours,bv50k,50000,45,64,2.474,2.46,1.467,1.467,1.007,3.169,3.128,0.919,0.919
ours,bv50k,50000,45,128,2.465,2.451,1.479,1.479,0.986,3.172,3.13,0.918,0.918
ours,bv50k,50000,45,224,2.457,2.443,1.48,1.48,0.977,3.161,3.12,0.918,0.918
ours,bv50k,50000,46,64,2.487,2.477,1.481,1.483,1.007,3.191,3.149,0.92,0.92
ours,bv50k,50000,46,128,2.474,2.463,1.489,1.492,0.986,3.188,3.146,0.919,0.919
ours,bv50k,50000,46,224,2.465,2.454,1.488,1.491,0.977,3.175,3.134,0.919,0.919
ours,bv100k,100000,42,64,2.497,2.485,1.49,1.492,1.007,3.239,3.195,0.92,0.92
ours,bv100k,100000,42,128,2.488,2.476,1.502,1.504,0.986,3.243,3.197,0.919,0.919
ours,bv100k,100000,42,224,2.479,2.468,1.502,1.504,0.977,3.23,3.186,0.919,0.919
ours,bv100k,100000,43,64,2.484,2.474,1.477,1.48,1.007,3.224,3.179,0.92,0.92
ours,bv100k,100000,43,128,2.472,2.462,1.487,1.49,0.986,3.224,3.179,0.919,0.919
ours,bv100k,100000,43,224,2.462,2.452,1.485,1.488,0.977,3.21,3.165,0.919,0.919
ours,bv100k,100000,44,64,2.499,2.488,1.493,1.494,1.007,3.234,3.188,0.921,0.921
ours,bv100k,100000,44,128,2.489,2.477,1.503,1.505,0.986,3.235,3.189,0.92,0.92
ours,bv100k,100000,44,224,2.479,2.468,1.503,1.505,0.977,3.222,3.176,0.919,0.919
ours,bv100k,100000,45,64,2.488,2.476,1.481,1.483,1.007,3.209,3.165,0.92,0.92
ours,bv100k,100000,45,128,2.479,2.467,1.494,1.495,0.986,3.212,3.167,0.919,0.919
ours,bv100k,100000,45,224,2.471,2.459,1.494,1.496,0.977,3.2,3.156,0.919,0.919
ours,bv100k,100000,46,64,2.483,2.475,1.477,1.482,1.007,3.213,3.173,0.92,0.92
ours,bv100k,100000,46,128,2.473,2.465,1.487,1.493,0.986,3.217,3.176,0.919,0.919
ours,bv100k,100000,46,224,2.463,2.455,1.486,1.492,0.977,3.204,3.164,0.919,0.919
ours,bv200k,200000,42,64,2.502,2.49,1.496,1.497,1.007,3.236,3.189,0.921,0.921
ours,bv200k,200000,42,128,2.494,2.481,1.508,1.509,0.986,3.243,3.195,0.92,0.92
ours,bv200k,200000,42,224,2.486,2.473,1.509,1.51,0.977,3.232,3.185,0.919,0.919
ours,bv200k,200000,43,64,2.499,2.489,1.493,1.496,1.007,3.238,3.194,0.921,0.921
ours,bv200k,200000,43,128,2.488,2.478,1.503,1.506,0.986,3.237,3.192,0.92,0.92
ours,bv200k,200000,43,224,2.479,2.468,1.502,1.505,0.977,3.223,3.18,0.919,0.919
ours,bv200k,200000,44,64,2.504,2.491,1.497,1.497,1.007,3.233,3.186,0.921,0.921
ours,bv200k,200000,44,128,2.494,2.481,1.508,1.509,0.986,3.234,3.186,0.92,0.92
ours,bv200k,200000,44,224,2.484,2.471,1.508,1.508,0.977,3.221,3.174,0.919,0.919
ours,bv200k,200000,45,64,2.496,2.484,1.49,1.49,1.007,3.218,3.173,0.92,0.92
ours,bv200k,200000,45,128,2.489,2.476,1.503,1.504,0.986,3.223,3.177,0.92,0.919
ours,bv200k,200000,45,224,2.48,2.468,1.503,1.504,0.977,3.211,3.167,0.919,0.919
ours,bv200k,200000,46,64,2.496,2.486,1.489,1.492,1.007,3.227,3.183,0.921,0.921
ours,bv200k,200000,46,128,2.485,2.475,1.5,1.503,0.986,3.227,3.183,0.92,0.92
ours,bv200k,200000,46,224,2.476,2.465,1.499,1.502,0.977,3.215,3.171,0.919,0.919
ours,bv400k,400000,42,64,2.513,2.502,1.506,1.509,1.007,3.281,3.237,0.921,0.921
ours,bv400k,400000,42,128,2.504,2.492,1.518,1.52,0.986,3.285,3.242,0.92,0.92
ours,bv400k,400000,42,224,2.494,2.483,1.518,1.52,0.977,3.27,3.228,0.919,0.919
ours,bv400k,400000,43,64,2.512,2.503,1.505,1.509,1.007,3.276,3.235,0.921,0.921
ours,bv400k,400000,43,128,2.5,2.491,1.515,1.519,0.986,3.277,3.236,0.92,0.92
ours,bv400k,400000,43,224,2.49,2.481,1.513,1.518,0.977,3.259,3.219,0.92,0.92
ours,bv400k,400000,44,64,2.516,2.505,1.51,1.512,1.007,3.278,3.235,0.921,0.921
ours,bv400k,400000,44,128,2.506,2.495,1.521,1.523,0.986,3.28,3.237,0.92,0.92
ours,bv400k,400000,44,224,2.497,2.485,1.52,1.522,0.977,3.265,3.223,0.919,0.919
ours,bv400k,400000,45,64,2.513,2.503,1.506,1.51,1.007,3.264,3.226,0.921,0.921
ours,bv400k,400000,45,128,2.504,2.494,1.519,1.522,0.986,3.268,3.23,0.92,0.92
ours,bv400k,400000,45,224,2.496,2.486,1.519,1.522,0.977,3.254,3.217,0.919,0.919
ours,bv400k,400000,46,64,2.508,2.501,1.502,1.508,1.007,3.272,3.235,0.921,0.921
ours,bv400k,400000,46,128,2.499,2.491,1.513,1.519,0.986,3.275,3.237,0.92,0.92
ours,bv400k,400000,46,224,2.489,2.481,1.512,1.518,0.977,3.26,3.223,0.919,0.919
ours,bv800k,800000,42,64,2.546,2.536,1.54,1.543,1.007,3.347,3.304,0.922,0.922
ours,bv800k,800000,42,128,2.536,2.526,1.55,1.554,0.986,3.351,3.307,0.921,0.921
ours,bv800k,800000,42,224,2.527,2.517,1.55,1.554,0.977,3.336,3.294,0.921,0.921
ours,bv800k,800000,43,64,2.538,2.53,1.532,1.537,1.007,3.347,3.307,0.922,0.922
ours,bv800k,800000,43,128,2.527,2.518,1.541,1.546,0.986,3.348,3.307,0.921,0.921
ours,bv800k,800000,43,224,2.517,2.508,1.54,1.545,0.977,3.332,3.292,0.921,0.921
ours,bv800k,800000,44,64,2.549,2.539,1.542,1.545,1.007,3.341,3.298,0.922,0.922
ours,bv800k,800000,44,128,2.538,2.528,1.552,1.556,0.986,3.34,3.296,0.921,0.921
ours,bv800k,800000,44,224,2.529,2.518,1.552,1.555,0.977,3.325,3.283,0.921,0.921
ours,bv800k,800000,45,64,2.536,2.526,1.529,1.533,1.007,3.311,3.273,0.922,0.921
ours,bv800k,800000,45,128,2.526,2.517,1.541,1.545,0.986,3.314,3.275,0.921,0.921
ours,bv800k,800000,45,224,2.518,2.509,1.541,1.546,0.977,3.301,3.263,0.92,0.92
ours,bv800k,800000,46,64,2.546,2.538,1.539,1.545,1.007,3.351,3.31,0.922,0.922
ours,bv800k,800000,46,128,2.535,2.527,1.549,1.555,0.986,3.352,3.31,0.921,0.921
ours,bv800k,800000,46,224,2.525,2.518,1.549,1.555,0.977,3.338,3.298,0.921,0.921
ours,sd5,100000,42,64,2.394,2.38,1.388,1.387,1.007,3.016,2.971,0.917,0.917
ours,sd5,100000,42,128,2.386,2.372,1.401,1.4,0.986,3.022,2.977,0.916,0.916
ours,sd5,100000,42,224,2.376,2.361,1.399,1.398,0.977,3.009,2.965,0.916,0.916
ours,sd5,100000,43,64,2.383,2.368,1.376,1.375,1.007,3.0,2.955,0.917,0.917
ours,sd5,100000,43,128,2.373,2.358,1.388,1.386,0.986,3.004,2.958,0.916,0.916
ours,sd5,100000,43,224,2.362,2.347,1.385,1.384,0.977,2.99,2.945,0.916,0.915
ours,sd5,100000,44,64,2.404,2.389,1.397,1.396,1.007,3.019,2.975,0.918,0.917
ours,sd5,100000,44,128,2.395,2.38,1.409,1.408,0.986,3.023,2.979,0.917,0.917
ours,sd5,100000,44,224,2.384,2.369,1.407,1.405,0.977,3.009,2.966,0.916,0.916
ours,avfull,100000,42,64,2.402,2.386,1.395,1.393,1.007,3.08,3.029,0.917,0.916
ours,avfull,100000,42,128,2.393,2.377,1.407,1.405,0.986,3.087,3.036,0.916,0.915
ours,avfull,100000,42,224,2.384,2.369,1.407,1.406,0.977,3.074,3.024,0.915,0.915
ours,avfull,100000,43,64,2.393,2.376,1.386,1.383,1.007,3.051,3.001,0.916,0.916
ours,avfull,100000,43,128,2.382,2.366,1.397,1.394,0.986,3.056,3.005,0.915,0.915
ours,avfull,100000,43,224,2.372,2.356,1.395,1.393,0.977,3.041,2.992,0.915,0.914
ours,avfull,100000,44,64,2.394,2.377,1.387,1.384,1.007,3.055,3.002,0.916,0.916
ours,avfull,100000,44,128,2.385,2.369,1.4,1.397,0.986,3.059,3.007,0.915,0.915
ours,avfull,100000,44,224,2.377,2.36,1.4,1.397,0.977,3.046,2.995,0.915,0.915
ours,avmatch,100000,42,64,2.354,2.341,1.347,1.348,1.007,3.019,2.974,0.914,0.914
ours,avmatch,100000,42,128,2.347,2.334,1.361,1.362,0.986,3.027,2.98,0.913,0.913
ours,avmatch,100000,42,224,2.337,2.324,1.36,1.361,0.977,3.014,2.969,0.913,0.913
ours,avmatch,100000,43,64,2.35,2.339,1.344,1.346,1.007,3.001,2.958,0.914,0.914
ours,avmatch,100000,43,128,2.342,2.33,1.357,1.358,0.986,3.007,2.963,0.913,0.913
ours,avmatch,100000,43,224,2.332,2.32,1.355,1.357,0.977,2.993,2.951,0.913,0.913
ours,avmatch,100000,44,64,2.353,2.339,1.346,1.346,1.007,3.012,2.965,0.914,0.914
ours,avmatch,100000,44,128,2.347,2.334,1.362,1.362,0.986,3.021,2.973,0.913,0.913
ours,avmatch,100000,44,224,2.338,2.324,1.361,1.361,0.977,3.009,2.962,0.913,0.913
ours,shuffled,100000,42,64,2.231,2.206,1.225,1.213,1.007,2.859,2.799,0.908,0.907
ours,shuffled,100000,42,128,2.22,2.194,1.234,1.222,0.986,2.863,2.803,0.907,0.906
ours,shuffled,100000,42,224,2.212,2.186,1.235,1.223,0.977,2.854,2.794,0.906,0.905
ours,shuffled,100000,43,64,2.237,2.212,1.23,1.218,1.007,2.879,2.819,0.908,0.907
ours,shuffled,100000,43,128,2.225,2.199,1.239,1.227,0.986,2.88,2.819,0.907,0.906
ours,shuffled,100000,43,224,2.216,2.191,1.239,1.228,0.977,2.87,2.81,0.906,0.906
ours,joint_bv800k,800000,42,224,2.5913,2.5829,1.6144,1.6195,0.9769,3.4089,3.3709,0.9242,0.9243
ours,joint_bv800k,800000,43,224,2.5762,2.5723,1.5992,1.6089,0.9769,3.4274,3.3954,0.924,0.9242
ours,joint_scratch,0,42,224,2.4018,2.3893,1.4249,1.4259,0.9769,3.0687,3.0242,0.9165,0.9165
ours,joint_scratch,0,43,224,2.4101,2.4011,1.4332,1.4377,0.9769,3.095,3.0524,0.9167,0.9167
ours,scratch,0,44,224,2.1751,2.1614,1.1982,1.1981,0.9769,2.7583,2.7138,0.9042,0.9039
ours,scratch,0,45,224,2.1868,2.169,1.2098,1.2056,0.9769,2.7693,2.7206,0.9055,0.9051
ours,scratch,0,46,224,2.1999,2.1834,1.223,1.22,0.9769,2.7913,2.7435,0.9062,0.9058
dg3_released,released,-1,-1,64,2.376,2.36,1.37,1.367,1.007,3.075,3.024,0.917,0.917
dg3_released,released,-1,-1,128,2.372,2.355,1.386,1.383,0.986,3.09,3.039,0.917,0.917
dg3_released,released,-1,-1,224,2.368,2.352,1.39,1.388,0.978,3.09,3.039,0.917,0.916
dg3_ft,scratch,0,0,224,2.369,2.3585,1.3921,1.3952,0.9769,3.1531,3.1174,0.9124,0.9124
dg3_ft,scratch,0,1,224,2.3801,2.3698,1.4031,1.4064,0.9769,3.1675,3.1322,0.913,0.9129
dg3_ft,salicon,-2,0,224,2.4111,2.4,1.4342,1.4367,0.9769,3.2092,3.1746,0.9144,0.9143
dg3_ft,salicon,-2,1,224,2.4154,2.4042,1.4385,1.4408,0.9769,3.21,3.1739,0.9146,0.9145
dg3_ft,full1k,1000,0,224,2.3965,2.3851,1.4196,1.4217,0.9769,3.1833,3.1492,0.9139,0.9138
dg3_ft,full1k,1000,1,224,2.3836,2.373,1.4067,1.4097,0.9769,3.1781,3.1412,0.913,0.9129
dg3_ft,full10k,10000,0,224,2.4057,2.394,1.4287,1.4306,0.9769,3.1927,3.156,0.9143,0.9142
dg3_ft,full10k,10000,1,224,2.3928,2.3829,1.4159,1.4195,0.9769,3.1842,3.1501,0.9137,0.9137
dg3_ft,full50k,50000,0,224,2.4036,2.3902,1.4266,1.4268,0.9769,3.1736,3.1348,0.9144,0.9143
dg3_ft,full50k,50000,1,224,2.3965,2.3843,1.4196,1.4209,0.9769,3.1814,3.1432,0.9143,0.9141
dg3_ft,full100k,100000,0,224,2.4036,2.3901,1.4266,1.4267,0.9769,3.1879,3.1488,0.9146,0.9144
dg3_ft,full100k,100000,1,224,2.3992,2.3868,1.4222,1.4234,0.9769,3.1848,3.1475,0.9141,0.914
dg3_ft,full200k,200000,0,224,2.3866,2.3737,1.4097,1.4103,0.9769,3.1605,3.1228,0.9136,0.9135
dg3_ft,full200k,200000,1,224,2.3926,2.379,1.4157,1.4156,0.9769,3.1637,3.1265,0.9142,0.914
