size,n_images,seed,selection,ll_dg3grid,nss_224,auc_224,ll,nss,auc,n_fix,n_img,amp,ig_224,ig_64
1k,1000,42,best_val,1.5539,1.9992,0.839,1.5796,2.0209,0.8419,1200000,5000,0,1.184,1.1815
1k,1000,43,best_val,1.5487,1.9945,0.8381,1.5726,2.0154,0.8407,1200000,5000,0,1.1789,1.1745
1k,1000,44,best_val,1.5692,2.0234,0.8397,1.5883,2.0372,0.842,1200000,5000,0,1.1994,1.1903
10k,10000,42,best_val,2.0827,2.6973,0.8836,2.108,2.7238,0.8858,1200000,5000,0,1.7128,1.71
10k,10000,43,best_val,2.07,2.6864,0.8837,2.0869,2.6983,0.8854,1200000,5000,0,1.7002,1.6889
10k,10000,44,best_val,2.0764,2.692,0.8837,2.097,2.709,0.8856,1200000,5000,0,1.7066,1.699
50k,50000,42,best_val,2.2942,3.0182,0.8962,2.3181,3.0421,0.898,1200000,5000,0,1.9244,1.9201
50k,50000,43,best_val,2.2969,3.0202,0.8963,2.3186,3.0405,0.8981,1200000,5000,0,1.927,1.9205
50k,50000,44,best_val,2.2963,3.0145,0.8963,2.3205,3.0393,0.8981,1200000,5000,0,1.9265,1.9224
100k,100000,42,best_val,2.3699,3.1336,0.9003,2.3904,3.1538,0.9019,1200000,5000,0,2.0,1.9924
100k,100000,43,best_val,2.3634,3.1244,0.9002,2.3843,3.1426,0.9019,1200000,5000,0,1.9936,1.9863
200k,200000,42,best_val,2.4362,3.2406,0.904,2.4593,3.2665,0.9056,1200000,5000,0,2.0663,2.0612
200k,200000,43,best_val,2.4373,3.2427,0.9042,2.4568,3.2619,0.9057,1200000,5000,0,2.0674,2.0587
400k,400000,42,best_val,2.5131,3.3713,0.9082,2.5337,3.392,0.9097,1200000,5000,0,2.1433,2.1356
800k,800000,42,best_val,2.5821,3.4909,0.9114,2.6039,3.515,0.913,1200000,5000,0,2.2123,2.2058
