model,size,n_images,train_seed,ckpt,n_scored,mm_kld,sm_kld,n_sampling_seeds,mm_kld_min,mm_kld_max,sm_kld_min,sm_kld_max
dg3,1k,1000,0,best,1,0.14567,0.65263,2,0.14496,0.14567,0.65263,0.67397
dg3,1k,1000,1,best,1,0.12346,0.57589,2,0.12346,0.14395,0.57589,0.61714
dg3,10k,10000,0,best,1,0.11364,0.4819,2,0.11004,0.11364,0.4819,0.48875
dg3,10k,10000,1,best,1,0.10744,0.49786,2,0.09959,0.10744,0.48717,0.49786
dg3,50k,50000,0,best,1,0.09411,0.47437,2,0.09411,0.10643,0.47437,0.4846
dg3,100k,100000,0,best,1,0.0953,0.45781,2,0.0953,0.10373,0.45781,0.4978
dg3,200k,200000,0,best,1,0.09724,0.4879,2,0.09724,0.11256,0.4879,0.50746
ours,1k,1000,42,best_val_ll,2,0.20389,0.77266,2,0.18877,0.20389,0.77266,0.798
ours,10k,10000,42,best_val_ll,2,0.07264,0.41074,2,0.07264,0.0833,0.41074,0.44339
ours,50k,50000,42,best_val_ll,2,0.05822,0.39456,2,0.05618,0.05822,0.35284,0.39456
ours,100k,100000,42,best_val_ll,2,0.04989,0.35579,2,0.04923,0.04989,0.35579,0.39858
ours,200k,200000,42,best_val_ll,2,0.0417,0.30176,2,0.0417,0.04502,0.30176,0.32201
ours,400k,400000,42,best_val_ll,2,0.03331,0.26897,2,0.03331,0.03532,0.26897,0.30242
ours,800k,800000,42,best_val_ll,2,0.02816,0.23409,2,0.02758,0.02816,0.23409,0.24976
scandiff,1k,1000,0,epoch_100,24,0.23847,0.80585,2,0.23847,0.24827,0.75855,0.80585
scandiff,1k,1000,1,epoch_95,24,0.21166,0.99543,1,0.21166,0.21166,0.99543,0.99543
scandiff,10k,10000,0,epoch_90,24,0.06894,0.20155,2,0.06372,0.06894,0.19738,0.20155
scandiff,10k,10000,1,epoch_65,24,0.07382,0.24219,1,0.07382,0.07382,0.24219,0.24219
scandiff,50k,50000,0,epoch_25,24,0.04527,0.14251,2,0.04527,0.04721,0.13908,0.14251
scandiff,50k,50000,1,epoch_65,24,0.0453,0.13226,1,0.0453,0.0453,0.13226,0.13226
scandiff,100k,100000,0,epoch_55,24,0.04239,0.14992,2,0.04239,0.04588,0.14992,0.15505
scandiff,200k,200000,0,epoch_35,24,0.04565,0.14424,2,0.04565,0.04739,0.14424,0.15753
