dataset,condition,metric,old,new,delta,runs,minimum,maximum
realism_subset_v2_test.csv,dg3/1000,mm_kld,0.11888,0.1233575,0.004477499999999995,2,0.116085,0.13063
realism_subset_v2_test.csv,dg3/1000,sm_kld,0.592015,0.5960325,0.004017500000000007,2,0.585325,0.6067400000000001
realism_subset_v2_test.csv,dg3/10000,mm_kld,0.09126999999999999,0.0933175,0.0020475000000000076,2,0.09190999999999999,0.094725
realism_subset_v2_test.csv,dg3/10000,sm_kld,0.50786,0.5115825,0.003722500000000073,2,0.5061450000000001,0.51702
realism_subset_v2_test.csv,dg3/50000,mm_kld,0.08247,0.08531,0.0028399999999999953,1,0.08531,0.08531
realism_subset_v2_test.csv,dg3/50000,sm_kld,0.46797,0.482225,0.014255000000000018,1,0.482225,0.482225
realism_subset_v2_test.csv,dg3/100000,mm_kld,0.08785,0.08709,-0.0007599999999999968,1,0.08709,0.08709
realism_subset_v2_test.csv,dg3/100000,sm_kld,0.46929,0.46965,0.00036000000000002697,1,0.46965,0.46965
realism_subset_v2_test.csv,dg3/200000,mm_kld,0.08432,0.083365,-0.0009550000000000114,1,0.083365,0.083365
realism_subset_v2_test.csv,dg3/200000,sm_kld,0.47027,0.46787,-0.0024000000000000132,1,0.46787,0.46787
realism_subset_v2_test.csv,ours/1000,mm_kld,0.17116666666666666,0.174855,0.003688333333333349,3,0.17048000000000002,0.180725
realism_subset_v2_test.csv,ours/1000,sm_kld,0.7803433333333334,0.781745,0.0014016666666666344,3,0.770745,0.802525
realism_subset_v2_test.csv,ours/10000,mm_kld,0.06667,0.06729833333333332,0.000628333333333328,3,0.06468499999999999,0.06975999999999999
realism_subset_v2_test.csv,ours/10000,sm_kld,0.41159999999999997,0.417825,0.006225000000000036,3,0.402385,0.43681499999999995
realism_subset_v2_test.csv,ours/50000,mm_kld,0.051186666666666665,0.05301,0.0018233333333333365,3,0.05173,0.05432
realism_subset_v2_test.csv,ours/50000,sm_kld,0.3507533333333333,0.35427333333333333,0.003520000000000023,3,0.34170500000000004,0.36149
realism_subset_v2_test.csv,ours/100000,mm_kld,0.048515,0.0482725,-0.00024249999999999966,2,0.046060000000000004,0.050485
realism_subset_v2_test.csv,ours/100000,sm_kld,0.33042,0.32947499999999996,-0.0009450000000000292,2,0.31789999999999996,0.34104999999999996
realism_subset_v2_test.csv,ours/200000,mm_kld,0.043590000000000004,0.04209,-0.0015000000000000013,2,0.04084,0.043340000000000004
realism_subset_v2_test.csv,ours/200000,sm_kld,0.29281999999999997,0.301315,0.00849500000000003,2,0.29599,0.30664
realism_subset_v2_test.csv,ours/400000,mm_kld,0.02959,0.03188,0.002289999999999997,1,0.03188,0.03188
realism_subset_v2_test.csv,ours/400000,sm_kld,0.25329,0.25995999999999997,0.006669999999999954,1,0.25995999999999997,0.25995999999999997
realism_subset_v2_test.csv,ours/800000,mm_kld,0.02812,0.029275,0.0011549999999999998,1,0.029275,0.029275
realism_subset_v2_test.csv,ours/800000,sm_kld,0.24016,0.24669000000000002,0.006530000000000008,1,0.24669000000000002,0.24669000000000002
realism_subset_v2_test.csv,scandiff/1000,mm_kld,0.137475,0.139695,0.0022199999999999998,2,0.11592,0.16347
realism_subset_v2_test.csv,scandiff/1000,sm_kld,0.572595,0.57892,0.006325000000000025,2,0.566935,0.590905
realism_subset_v2_test.csv,scandiff/10000,mm_kld,0.06104,0.05962,-0.0014199999999999977,2,0.057905,0.061335
realism_subset_v2_test.csv,scandiff/10000,sm_kld,0.21534,0.21738249999999998,0.002042499999999975,2,0.20768999999999999,0.227075
realism_subset_v2_test.csv,scandiff/50000,mm_kld,0.044149999999999995,0.042745,-0.0014049999999999965,2,0.04264,0.04285
realism_subset_v2_test.csv,scandiff/50000,sm_kld,0.13859,0.13847500000000001,-0.00011499999999997623,2,0.136295,0.140655
realism_subset_v2_test.csv,scandiff/100000,mm_kld,0.04581,0.047049999999999995,0.001239999999999998,1,0.047049999999999995,0.047049999999999995
realism_subset_v2_test.csv,scandiff/100000,sm_kld,0.14652,0.15032,0.003799999999999998,1,0.15032,0.15032
realism_subset_v2_test.csv,scandiff/200000,mm_kld,0.04571,0.046454999999999996,0.0007449999999999957,1,0.046454999999999996,0.046454999999999996
realism_subset_v2_test.csv,scandiff/200000,sm_kld,0.16939,0.167305,-0.0020850000000000035,1,0.167305,0.167305
xfam_mit_v2_test.csv,dg3/mit_only/salicon/-2,mm_kld,0.03677999999999999,0.0358875,-0.0008924999999999905,2,0.03453,0.037245
xfam_mit_v2_test.csv,dg3/mit_only/salicon/-2,sm_kld_corr,0.047325000000000006,0.04664,-0.000685000000000005,2,0.045685,0.047595
xfam_mit_v2_test.csv,dg3/mit_only/scratch/0,mm_kld,0.043704999999999994,0.0415575,-0.0021474999999999966,2,0.040525,0.04259
xfam_mit_v2_test.csv,dg3/mit_only/scratch/0,sm_kld_corr,0.06425499999999999,0.060005,-0.00424999999999999,2,0.05601,0.064
xfam_mit_v2_test.csv,dg3/mit_only/full1k/1000,mm_kld,0.042194999999999996,0.0397425,-0.0024524999999999963,2,0.039635000000000004,0.03985
xfam_mit_v2_test.csv,dg3/mit_only/full1k/1000,sm_kld_corr,0.056065000000000004,0.0537975,-0.0022675000000000056,2,0.053434999999999996,0.05416
xfam_mit_v2_test.csv,dg3/mit_only/full10k/10000,mm_kld,0.041440000000000005,0.039927500000000005,-0.0015125,2,0.039845000000000005,0.040010000000000004
xfam_mit_v2_test.csv,dg3/mit_only/full10k/10000,sm_kld_corr,0.05499,0.05379,-0.0011999999999999997,2,0.051989999999999995,0.05559
xfam_mit_v2_test.csv,dg3/mit_only/full50k/50000,mm_kld,0.04309,0.04123,-0.0018600000000000005,2,0.039435,0.043025
xfam_mit_v2_test.csv,dg3/mit_only/full50k/50000,sm_kld_corr,0.059195,0.0561325,-0.0030624999999999958,2,0.05156,0.060704999999999995
xfam_mit_v2_test.csv,dg3/mit_only/full100k/100000,mm_kld,0.04185,0.040895,-0.0009549999999999975,2,0.040175,0.041615
xfam_mit_v2_test.csv,dg3/mit_only/full100k/100000,sm_kld_corr,0.053739999999999996,0.0533675,-0.00037249999999999783,2,0.051295,0.05544
xfam_mit_v2_test.csv,dg3/mit_only/full200k/200000,mm_kld,0.045954999999999996,0.0440425,-0.0019124999999999975,2,0.043840000000000004,0.044245
xfam_mit_v2_test.csv,dg3/mit_only/full200k/200000,sm_kld_corr,0.06676,0.06388250000000001,-0.002877499999999991,2,0.063535,0.06423000000000001
xfam_mit_v2_test.csv,ours/joint/scratch/0,mm_kld,0.028325,0.0289675,0.0006425000000000007,2,0.02425,0.033685
xfam_mit_v2_test.csv,ours/joint/scratch/0,sm_kld_corr,0.03739,0.035972500000000004,-0.0014174999999999952,2,0.025259999999999998,0.046685000000000004
xfam_mit_v2_test.csv,ours/joint/bv800k/800000,mm_kld,0.019885,0.02095,0.001065,2,0.018305000000000002,0.023594999999999998
xfam_mit_v2_test.csv,ours/joint/bv800k/800000,sm_kld_corr,0.024419999999999997,0.0245025,8.250000000000271e-05,2,0.01894,0.030065
xfam_mit_v2_test.csv,ours/mit_only/scratch/0,mm_kld,0.05752499999999999,0.0600375,0.0025125000000000078,2,0.04449,0.075585
xfam_mit_v2_test.csv,ours/mit_only/scratch/0,sm_kld_corr,0.05867,0.056772500000000004,-0.0018974999999999964,2,0.041455000000000006,0.07209
xfam_mit_v2_test.csv,ours/mit_only/bv1k/1000,mm_kld,0.05165,0.05395,0.0022999999999999965,2,0.04385,0.06405
xfam_mit_v2_test.csv,ours/mit_only/bv1k/1000,sm_kld_corr,0.05797,0.056874999999999995,-0.0010950000000000057,2,0.045785,0.067965
xfam_mit_v2_test.csv,ours/mit_only/bv10k/10000,mm_kld,0.030754999999999998,0.03356,0.002805000000000002,2,0.028265,0.038855
xfam_mit_v2_test.csv,ours/mit_only/bv10k/10000,sm_kld_corr,0.038335,0.0377325,-0.0006024999999999989,2,0.030795000000000003,0.04467
xfam_mit_v2_test.csv,ours/mit_only/bv50k/50000,mm_kld,0.031135,0.0318125,0.000677500000000001,2,0.028435000000000002,0.03519
xfam_mit_v2_test.csv,ours/mit_only/bv50k/50000,sm_kld_corr,0.040915,0.0392075,-0.0017075000000000007,2,0.03336,0.045055
xfam_mit_v2_test.csv,ours/mit_only/bv100k/100000,mm_kld,0.028755,0.0292075,0.0004525000000000015,2,0.026235,0.03218
xfam_mit_v2_test.csv,ours/mit_only/bv100k/100000,sm_kld_corr,0.03318,0.033615000000000006,0.00043500000000000483,2,0.030675,0.036555000000000004
xfam_mit_v2_test.csv,ours/mit_only/bv200k/200000,mm_kld,0.026645,0.0290525,0.0024075,2,0.026795,0.03131
xfam_mit_v2_test.csv,ours/mit_only/bv200k/200000,sm_kld_corr,0.040015,0.0390375,-0.0009774999999999992,2,0.03619,0.041885000000000006
xfam_mit_v2_test.csv,ours/mit_only/bv400k/400000,mm_kld,0.022449999999999998,0.0250825,0.002632500000000003,2,0.023844999999999998,0.02632
xfam_mit_v2_test.csv,ours/mit_only/bv400k/400000,sm_kld_corr,0.027290000000000002,0.02819,0.000899999999999998,2,0.02748,0.0289
xfam_mit_v2_test.csv,ours/mit_only/bv800k/800000,mm_kld,0.022225,0.0238175,0.0015924999999999967,2,0.02129,0.026345
xfam_mit_v2_test.csv,ours/mit_only/bv800k/800000,sm_kld_corr,0.027,0.0274225,0.00042249999999999927,2,0.026154999999999998,0.02869
xfam_mit_v2_test.csv,scandiff/joint/released/-1,mm_kld,0.03012,0.03012,0.0,1,0.03012,0.03012
xfam_mit_v2_test.csv,scandiff/joint/released/-1,sm_kld_corr,0.06772,0.06772,0.0,1,0.06772,0.06772
xfam_mit_v2_test.csv,scandiff/joint/scratch/0,mm_kld,0.026979999999999997,0.02573,-0.0012499999999999976,2,0.02521,0.02625
xfam_mit_v2_test.csv,scandiff/joint/scratch/0,sm_kld_corr,0.04272,0.041685,-0.0010350000000000012,2,0.03685,0.04652
xfam_mit_v2_test.csv,scandiff/joint/av_pretrained/100000,mm_kld,0.040185,0.039459999999999995,-0.0007250000000000034,2,0.03342,0.0455
xfam_mit_v2_test.csv,scandiff/joint/av_pretrained/100000,sm_kld_corr,0.073695,0.0721775,-0.001517499999999991,2,0.07209,0.072265
xfam_mit_v2_test.csv,scandiff/mit_only/scratch/0,mm_kld,0.057135000000000005,0.057530000000000005,0.0003949999999999995,2,0.047525,0.06753500000000001
xfam_mit_v2_test.csv,scandiff/mit_only/scratch/0,sm_kld_corr,0.17587,0.1790875,0.003217500000000012,2,0.137985,0.22019
xfam_mit_v2_test.csv,scandiff/mit_only/av_pretrained/1000,mm_kld,0.0331,0.0340725,0.0009725000000000011,2,0.033515,0.034629999999999994
xfam_mit_v2_test.csv,scandiff/mit_only/av_pretrained/1000,sm_kld_corr,0.06153,0.061515,-1.5000000000001124e-05,2,0.058249999999999996,0.06478
xfam_mit_v2_test.csv,scandiff/mit_only/av_pretrained/10000,mm_kld,0.051895,0.051359999999999996,-0.0005350000000000008,2,0.049855,0.052864999999999995
xfam_mit_v2_test.csv,scandiff/mit_only/av_pretrained/10000,sm_kld_corr,0.148085,0.1522625,0.004177500000000001,2,0.119005,0.18552
xfam_mit_v2_test.csv,scandiff/mit_only/av_pretrained/50000,mm_kld,0.043734999999999996,0.0452375,0.0015025000000000038,2,0.040795,0.04968
xfam_mit_v2_test.csv,scandiff/mit_only/av_pretrained/50000,sm_kld_corr,0.101155,0.1005275,-0.0006274999999999892,2,0.0985,0.10255500000000001
xfam_mit_v2_test.csv,scandiff/mit_only/av_pretrained/100000,mm_kld,0.049825,0.05099,0.0011649999999999994,2,0.050335000000000005,0.051644999999999996
xfam_mit_v2_test.csv,scandiff/mit_only/av_pretrained/100000,sm_kld_corr,0.09181,0.09321499999999999,0.0014049999999999896,2,0.090525,0.09590499999999999
xfam_mit_v2_test.csv,scandiff/mit_only/av_pretrained/200000,mm_kld,0.0412,0.0394725,-0.0017274999999999999,2,0.037595,0.04135
xfam_mit_v2_test.csv,scandiff/mit_only/av_pretrained/200000,sm_kld_corr,0.081145,0.077685,-0.003459999999999991,2,0.052665000000000003,0.10270499999999999
