human_data,arm,init,n_pretrain,seed,ckpt,sm_kld,mm_kld
joint,av_pretrained,last,100000,0,epoch_120,0.0458,0.0515
joint,av_pretrained,selected,100000,0,epoch_120,0.045,0.0397
joint,av_pretrained,last,100000,1,epoch_50,0.0576,0.0564
joint,av_pretrained,selected,100000,1,epoch_120,0.054,0.0551
mit_only,av_pretrained,last,100000,0,last,0.073,0.0616
mit_only,av_pretrained,selected,100000,0,last,0.0922,0.0657
mit_only,av_pretrained,last,100000,1,epoch_120,0.0854,0.0637
mit_only,av_pretrained,selected,100000,1,epoch_170,0.0779,0.0576
mit_only,av_pretrained,last,10000,0,epoch_50,0.1196,0.0524
mit_only,av_pretrained,selected,10000,0,epoch_50,0.107,0.0506
mit_only,av_pretrained,last,10000,1,epoch_120,0.1135,0.0546
mit_only,av_pretrained,selected,10000,1,epoch_120,0.1223,0.0562
mit_only,av_pretrained,last,1000,0,last,0.0569,0.0414
mit_only,av_pretrained,selected,1000,0,epoch_170,0.0492,0.0388
mit_only,av_pretrained,last,1000,1,last,0.1047,0.0463
mit_only,av_pretrained,selected,1000,1,epoch_170,0.0544,0.036
mit_only,av_pretrained,selected,200000,0,last,0.0517,0.0519
mit_only,av_pretrained,selected,200000,1,epoch_120,0.0716,0.0471
mit_only,av_pretrained,last,50000,0,epoch_120,0.0932,0.0655
mit_only,av_pretrained,selected,50000,0,epoch_170,0.0563,0.0489
mit_only,av_pretrained,last,50000,1,epoch_120,0.0691,0.0515
mit_only,av_pretrained,selected,50000,1,epoch_170,0.0622,0.0491
mit_only,scratch,-,0,0,epoch_170,0.1189,0.0591
mit_only,scratch,-,0,1,epoch_170,0.1923,0.0751
joint,scratch,-,0,0,epoch_170,0.0306,0.0308
joint,scratch,-,0,1,epoch_50,0.0283,0.0291
