source,stat,bin_left,bin_right,density
human,sacc,0.0,0.01,0.6601880807469428
human,sacc,0.01,0.02,1.2632121680845578
human,sacc,0.02,0.03,2.2439669569700844
human,sacc,0.03,0.04,4.799533721151798
human,sacc,0.04,0.05,6.159140074201104
human,sacc,0.05,0.06,6.135601959267855
human,sacc,0.06,0.07,5.402557808489409
human,sacc,0.07,0.08,5.0618155732651875
human,sacc,0.08,0.09,4.535010143806676
human,sacc,0.09,0.1,4.050797493751187
human,sacc,0.1,0.11,3.835591871504312
human,sacc,0.11,0.12,3.547530179225934
human,sacc,0.12,0.13,3.372675611150338
human,sacc,0.13,0.14,3.2807648766490667
human,sacc,0.14,0.15,2.942264366656585
human,sacc,0.15,0.16,2.9321766031137537
human,sacc,0.16,0.17,2.7864644630507613
human,sacc,0.17,0.18,2.593676093121271
human,sacc,0.18,0.19,2.5791048791149644
human,sacc,0.19,0.2,2.3313942410078776
human,sacc,0.2,0.21,2.3089769886905005
human,sacc,0.21,0.22,2.1856821009448852
human,sacc,0.22,0.23,2.0209152964121166
human,sacc,0.23,0.24,1.9267628366791119
human,sacc,0.24,0.25,1.7507874059876465
human,sacc,0.25,0.26,1.6779313359561503
human,sacc,0.26,0.27,1.5411860968201114
human,sacc,0.27,0.28,1.4436710492394935
human,sacc,0.28,0.29,1.3708149792080049
human,sacc,0.29,0.3,1.161213670040462
human,sacc,0.3,0.31,1.1320712420278636
human,sacc,0.31,0.32,1.139917280338948
human,sacc,0.32,0.33,0.9897216898124789
human,sacc,0.33,0.34,0.9123821693175059
human,sacc,0.34,0.35,0.821592297432103
human,sacc,0.35,0.36,0.7644283040227795
human,sacc,0.36,0.37,0.6770010199849799
human,sacc,0.37,0.38,0.6624298059786806
human,sacc,0.38,0.39,0.5559478574711093
human,sacc,0.39,0.4,0.4763666117443981
human,sacc,0.4,0.41,0.45058677157940713
human,sacc,0.41,0.42,0.4270486566461568
human,sacc,0.42,0.43,0.38445587724312597
human,sacc,0.43,0.44,0.3272918838337982
human,sacc,0.44,0.45,0.27461134088794714
human,sacc,0.45,0.46,0.26452357734512455
human,sacc,0.46,0.47,0.2107221717834043
human,sacc,0.47,0.48,0.21296389701514384
human,sacc,0.48,0.49,0.17037111761211415
human,sacc,0.49,0.5,0.17261284284385248
human,sacc,0.5,0.51,0.17149198022798331
human,sacc,0.51,0.52,0.12217402512973975
human,sacc,0.52,0.53,0.13786610175190814
human,sacc,0.53,0.54,0.09415245973301044
human,sacc,0.54,0.55,0.0874272840377954
human,sacc,0.55,0.56,0.08070210834258038
human,sacc,0.56,0.57,0.06725175695215031
human,sacc,0.57,0.58,0.05940571864106678
human,sacc,0.58,0.59,0.048197092482374394
human,sacc,0.59,0.6,0.038109328939551844
human,sacc,0.6,0.61,0.0358676037078135
human,sacc,0.61,0.62,0.030263290628467644
human,sacc,0.62,0.63,0.02353811493325261
human,sacc,0.63,0.64,0.012329488774560892
human,sacc,0.64,0.65,0.01569207662216841
human,sacc,0.65,0.66,0.011208626158691719
human,sacc,0.66,0.67,0.008966900926953375
human,sacc,0.67,0.68,0.005604313079345859
human,sacc,0.68,0.69,0.006725175695215031
human,sacc,0.69,0.7,0.006725175695215031
human,sacc,0.7,0.71,0.003362587847607553
human,sacc,0.71,0.72,0.0022417252317383438
human,sacc,0.72,0.73,0.0
human,sacc,0.73,0.74,0.0011208626158691719
human,sacc,0.74,0.75,0.0011208626158691719
human,r,0.0,0.01,0.43716057466394487
human,r,0.01,0.02,1.20845048723183
human,r,0.02,0.03,2.0721796402572896
human,r,0.03,0.04,2.6181489042098365
human,r,0.04,0.05,3.1101952778954662
human,r,0.05,0.06,3.600315834071565
human,r,0.06,0.07,3.728382698455491
human,r,0.07,0.08,4.030736047452145
human,r,0.08,0.09,4.076955667680933
human,r,0.09,0.1,4.203096714555325
human,r,0.1,0.11,4.0779185764356995
human,r,0.11,0.12,4.203096714555331
human,r,0.12,0.13,4.2839810499557025
human,r,0.13,0.14,4.1780610869313985
human,r,0.14,0.15,4.170357816893279
human,r,0.15,0.16,3.8381542964988604
human,r,0.16,0.17,3.8256364826868974
human,r,0.17,0.18,3.5935754727882054
human,r,0.18,0.19,3.319146477679772
human,r,0.19,0.2,3.2892963062820137
human,r,0.2,0.21,3.1968570658244486
human,r,0.21,0.22,2.931094249508914
human,r,0.22,0.23,2.8444324615799377
human,r,0.23,0.24,2.666294341948162
human,r,0.24,0.25,2.5594114701690844
human,r,0.25,0.26,2.359126449177674
human,r,0.26,0.27,2.0240342025189677
human,r,0.27,0.28,2.037514925085697
human,r,0.28,0.29,1.7553826599391522
human,r,0.29,0.3,1.5262103763047399
human,r,0.3,0.31,1.4405114971305306
human,r,0.31,0.32,1.3259253553133294
human,r,0.32,0.33,1.1391210568886483
human,r,0.33,0.34,0.9292069483495735
human,r,0.34,0.35,0.7866964526441468
human,r,0.35,0.36,0.6461117744482564
human,r,0.36,0.37,0.5276739976119857
human,r,0.37,0.38,0.39960713322805497
human,r,0.38,0.39,0.34183260794207115
human,r,0.39,0.4,0.24265300620113217
human,r,0.4,0.41,0.16562030581982037
human,r,0.41,0.42,0.11169741555290273
human,r,0.42,0.43,0.0779956091360782
human,r,0.43,0.44,0.0385163501906559
human,r,0.44,0.45,0.028887262642991924
human,r,0.45,0.46,0.018295266340561552
human,r,0.46,0.47,0.008666178792897578
human,r,0.47,0.48,0.0038516350190656115
human,r,0.48,0.49,0.0009629087547663976
human,r,0.49,0.5,0.0009629087547663976
human,r,0.5,0.51,0.0
human,r,0.51,0.52,0.0
human,r,0.52,0.53,0.0
human,r,0.53,0.54,0.0
human,r,0.54,0.55,0.0
human,r,0.55,0.56,0.0
human,r,0.56,0.57,0.0
human,r,0.57,0.58,0.0
human,r,0.58,0.59,0.0
human,r,0.59,0.6,0.0
human,dispersion,0.0,0.0083,0.43466375068343355
human,dispersion,0.0083,0.0167,0.8037178786221979
human,dispersion,0.0167,0.025,1.361399671951886
human,dispersion,0.025,0.0333,1.8780754510661568
human,dispersion,0.0333,0.0417,2.0503007107709137
human,dispersion,0.0417,0.05,2.2471295790049193
human,dispersion,0.05,0.0583,2.6161837069436857
human,dispersion,0.0583,0.0667,3.0426462547840356
human,dispersion,0.0667,0.075,3.0836522689994537
human,dispersion,0.075,0.0833,4.010388190267907
human,dispersion,0.0833,0.0917,4.494259158009842
human,dispersion,0.0917,0.1,4.600874794969922
human,dispersion,0.1,0.1083,5.010934937124112
human,dispersion,0.1083,0.1167,5.45379989065063
human,dispersion,0.1167,0.125,6.454346637506835
human,dispersion,0.125,0.1333,6.528157463094588
human,dispersion,0.1333,0.1417,6.446145434663752
human,dispersion,0.1417,0.15,6.544559868780755
human,dispersion,0.15,0.1583,6.749589939857848
human,dispersion,0.1583,0.1667,6.560962274466923
human,dispersion,0.1667,0.175,6.167304537998907
human,dispersion,0.175,0.1833,6.208310552214326
human,dispersion,0.1833,0.1917,5.6096227446692195
human,dispersion,0.1917,0.2,4.756697648988504
human,dispersion,0.2,0.2083,4.01858939311099
human,dispersion,0.2083,0.2167,3.3788955713504656
human,dispersion,0.2167,0.225,2.6653909240021876
human,dispersion,0.225,0.2333,2.230727173318754
human,dispersion,0.2333,0.2417,1.5090213231273923
human,dispersion,0.2417,0.25,1.2383816293056318
human,dispersion,0.25,0.2583,0.7463094587206149
human,dispersion,0.2583,0.2667,0.4756697648988503
human,dispersion,0.2667,0.275,0.2788408966648433
human,dispersion,0.275,0.2833,0.20503007107709204
human,dispersion,0.2833,0.2917,0.07381082558775263
human,dispersion,0.2917,0.3,0.041006014215418406
human,dispersion,0.3,0.3083,0.008201202843083627
human,dispersion,0.3083,0.3167,0.008201202843083682
human,dispersion,0.3167,0.325,0.0
human,dispersion,0.325,0.3333,0.008201202843083682
human,dispersion,0.3333,0.3417,0.0
human,dispersion,0.3417,0.35,0.0
human,dispersion,0.35,0.3583,0.0
human,dispersion,0.3583,0.3667,0.0
human,dispersion,0.3667,0.375,0.0
human,dispersion,0.375,0.3833,0.0
human,dispersion,0.3833,0.3917,0.0
human,dispersion,0.3917,0.4,0.0
human,dispersion,0.4,0.4083,0.0
human,dispersion,0.4083,0.4167,0.0
human,dispersion,0.4167,0.425,0.0
human,dispersion,0.425,0.4333,0.0
human,dispersion,0.4333,0.4417,0.0
human,dispersion,0.4417,0.45,0.0
human,dispersion,0.45,0.4583,0.0
human,dispersion,0.4583,0.4667,0.0
human,dispersion,0.4667,0.475,0.0
human,dispersion,0.475,0.4833,0.0
human,dispersion,0.4833,0.4917,0.0
human,dispersion,0.4917,0.5,0.0
human,direction,0.0,5.0,0.007867095631508737
human,direction,5.0,10.0,0.005941237795240284
human,direction,10.0,15.0,0.0045175827009091216
human,direction,15.0,20.0,0.003750826728844149
human,direction,20.0,25.0,0.003062539935206878
human,direction,25.0,30.0,0.002555853240216575
human,direction,30.0,35.0,0.0022868160570358826
human,direction,35.0,40.0,0.002109699911441927
human,direction,40.0,45.0,0.0018473886578407525
human,direction,45.0,50.0,0.001840662728261235
human,direction,50.0,55.0,0.0018720503996323158
human,direction,55.0,60.0,0.0016747564652998083
human,direction,60.0,65.0,0.0017352898315154642
human,direction,65.0,70.0,0.0018967121414238792
human,direction,70.0,75.0,0.0021321196767069847
human,direction,75.0,80.0,0.0020872801461768696
human,direction,80.0,85.0,0.0023585593058840673
human,direction,85.0,90.0,0.002295783963141906
human,direction,90.0,95.0,0.0032217202685887875
human,direction,95.0,100.0,0.0024930778974744136
human,direction,100.0,105.0,0.0021926530429226404
human,direction,105.0,110.0,0.0019191319066889367
human,direction,110.0,115.0,0.0018025491273106372
human,direction,115.0,120.0,0.0018182429629961772
human,direction,120.0,125.0,0.0017330478549889583
human,direction,125.0,130.0,0.001804791103837143
human,direction,130.0,135.0,0.0017689194794130506
human,direction,135.0,140.0,0.0018473886578407525
human,direction,140.0,145.0,0.002159023395025054
human,direction,145.0,150.0,0.0021567814184985483
human,direction,150.0,155.0,0.002508771733159954
human,direction,155.0,160.0,0.0028114385642382324
human,direction,160.0,165.0,0.003010974475097246
human,direction,165.0,170.0,0.0038382638133778735
human,direction,170.0,175.0,0.004898718710415102
human,direction,175.0,180.0,0.005607183292790924
human,direction,180.0,185.0,0.007044290246281121
human,direction,185.0,190.0,0.005569069691840327
human,direction,190.0,195.0,0.004309078883944085
human,direction,195.0,200.0,0.003690293362628493
human,direction,200.0,205.0,0.003214994339009271
human,direction,205.0,210.0,0.0026477742778033115
human,direction,210.0,215.0,0.0024998038270539306
human,direction,215.0,220.0,0.002170233277657583
human,direction,220.0,225.0,0.0019931171320636274
human,direction,225.0,230.0,0.00197069736679857
human,direction,230.0,235.0,0.0018518726108937638
human,direction,235.0,240.0,0.0017195959958299237
human,direction,240.0,245.0,0.0019146479536359257
human,direction,245.0,250.0,0.0019527615545865233
human,direction,250.0,255.0,0.002017778873855191
human,direction,255.0,260.0,0.0021366036297599963
human,direction,260.0,265.0,0.0023294136110394927
human,direction,265.0,270.0,0.002179201183763606
human,direction,270.0,275.0,0.0030715078413129015
human,direction,275.0,280.0,0.002392188953781654
human,direction,280.0,285.0,0.002051408521752777
human,direction,285.0,290.0,0.0017913392446781084
human,direction,290.0,295.0,0.0017308058784624525
human,direction,295.0,300.0,0.0017195959958299237
human,direction,300.0,305.0,0.0018070330803636485
human,direction,305.0,310.0,0.001793581221204614
human,direction,310.0,315.0,0.0018855022587913504
human,direction,315.0,320.0,0.001842904704787741
human,direction,320.0,325.0,0.002073828287017835
human,direction,325.0,330.0,0.0022128308316611924
human,direction,330.0,335.0,0.0026186285829587364
human,direction,335.0,340.0,0.002981828780252671
human,direction,340.0,345.0,0.0034907574517694796
human,direction,345.0,350.0,0.004138688667929646
human,direction,350.0,355.0,0.00525967693118253
human,direction,355.0,360.0,0.006501731926866726
human,angle,-180.0,-175.0,0.008580203038877788
human,angle,-175.0,-170.0,0.006032158997948154
human,angle,-170.0,-165.0,0.004935158984537396
human,angle,-165.0,-160.0,0.003940080732763823
human,angle,-160.0,-155.0,0.003231992704547588
human,angle,-155.0,-150.0,0.0031461638526425898
human,angle,-150.0,-145.0,0.002700926683385412
human,angle,-145.0,-140.0,0.002620462134724476
human,angle,-140.0,-135.0,0.0023924792468518244
human,angle,-135.0,-130.0,0.0023683398822535438
human,angle,-130.0,-125.0,0.0022100929365537034
human,angle,-125.0,-120.0,0.0022422787560180775
human,angle,-120.0,-115.0,0.0020330709294996445
human,angle,-115.0,-110.0,0.0019499242292166778
human,angle,-110.0,-105.0,0.0020947604168063618
human,angle,-105.0,-100.0,0.001998202958413239
human,angle,-100.0,-95.0,0.001872141832177773
human,angle,-95.0,-90.0,0.0019794278970590206
human,angle,-90.0,-85.0,0.0019418777743505841
human,angle,-85.0,-80.0,0.0018801882870438664
human,angle,-80.0,-75.0,0.0018962811967760539
human,angle,-75.0,-70.0,0.0017943594351388687
human,angle,-70.0,-65.0,0.0017541271608084007
human,angle,-65.0,-60.0,0.001831909557847305
human,angle,-60.0,-55.0,0.001971381442192927
human,angle,-55.0,-50.0,0.0019204205613743343
human,angle,-50.0,-45.0,0.0019016455000201162
human,angle,-45.0,-40.0,0.0021108533265385494
human,angle,-40.0,-35.0,0.002167178510601204
human,angle,-35.0,-30.0,0.002470261643890729
human,angle,-30.0,-25.0,0.0026741051671651
human,angle,-25.0,-20.0,0.002859173629085252
human,angle,-20.0,-15.0,0.0033205037080746174
human,angle,-15.0,-10.0,0.003572625960545549
human,angle,-10.0,-5.0,0.003773787332197889
human,angle,-5.0,0.0,0.004476511057170062
human,angle,0.0,5.0,0.004165381469014444
human,angle,5.0,10.0,0.003980313007094291
human,angle,10.0,15.0,0.0034438826826880525
human,angle,15.0,20.0,0.003116660184800247
human,angle,20.0,25.0,0.0028511271742191584
human,angle,25.0,30.0,0.0026258264379685385
human,angle,30.0,35.0,0.0023388362144112006
human,angle,35.0,40.0,0.0022369144527740153
human,angle,40.0,45.0,0.0020947604168063618
human,angle,45.0,50.0,0.0019311491678624592
human,angle,50.0,55.0,0.001869459680555742
human,angle,55.0,60.0,0.001858731074067617
human,angle,60.0,65.0,0.001692437673501683
human,angle,65.0,70.0,0.0017326699478321507
human,angle,70.0,75.0,0.0018667775289337104
human,angle,75.0,80.0,0.0017809486770287127
human,angle,80.0,85.0,0.0017836308286507435
human,angle,85.0,90.0,0.0018238631029812115
human,angle,90.0,95.0,0.001885552590287929
human,angle,95.0,100.0,0.001882870438665898
human,angle,100.0,105.0,0.002025024474633551
human,angle,105.0,110.0,0.0020062494132793325
human,angle,110.0,115.0,0.0020974425684283935
human,angle,115.0,120.0,0.0022637359689943273
human,angle,120.0,125.0,0.001987474351925114
human,angle,125.0,130.0,0.0022369144527740153
human,angle,130.0,135.0,0.0024005257017179183
human,angle,135.0,140.0,0.002376386337119637
human,angle,140.0,145.0,0.0025426797376855714
human,angle,145.0,150.0,0.0027250660479836925
human,angle,150.0,155.0,0.0030683814556036852
human,angle,155.0,160.0,0.0034787506537744574
human,angle,160.0,165.0,0.003779151635441952
human,angle,165.0,170.0,0.004731315461263025
human,angle,170.0,175.0,0.0060562983625464355
human,angle,175.0,180.0,0.008617753161586224
human,length,1,2,0.0
human,length,2,3,0.018974187060006704
human,length,3,4,0.02728796513576936
human,length,4,5,0.04170298357358364
human,length,5,6,0.0643647334897754
human,length,6,7,0.09621186724773717
human,length,7,8,0.13228293664096547
human,length,8,9,0.17961783439490445
human,length,9,10,0.17432115320147504
human,length,10,11,0.13583640630238014
human,length,11,12,0.07415353670801207
human,length,12,13,0.03533355682199128
human,length,13,14,0.01414683204827355
human,length,14,15,0.004425075427422058
human,length,15,16,0.0010056989607777405
human,length,16,17,0.00033523298692591353
av,sacc,0.0,0.01,0.17487641723031477
av,sacc,0.01,0.02,0.42582028331725635
av,sacc,0.02,0.03,0.6244686728054936
av,sacc,0.03,0.04,0.8767149166621344
av,sacc,0.04,0.05,1.1114434639241355
av,sacc,0.05,0.06,1.3400036065845937
av,sacc,0.06,0.07,1.5653578962734809
av,sacc,0.07,0.08,1.642055066249525
av,sacc,0.08,0.09,1.6327380560509053
av,sacc,0.09,0.1,1.6467064154270212
av,sacc,0.1,0.11,1.7637486725765048
av,sacc,0.11,0.12,1.9013141134814715
av,sacc,0.12,0.13,2.0356021421967516
av,sacc,0.13,0.14,2.1851609080578522
av,sacc,0.14,0.15,2.315971158772735
av,sacc,0.15,0.16,2.436104774144794
av,sacc,0.16,0.17,2.4192883578876843
av,sacc,0.17,0.18,2.353139016661853
av,sacc,0.18,0.19,2.31770289185112
av,sacc,0.19,0.2,2.344394480208149
av,sacc,0.2,0.21,2.411302349146017
av,sacc,0.21,0.22,2.4972879056334256
av,sacc,0.22,0.23,2.5734984729262833
av,sacc,0.23,0.24,2.639604878621259
av,sacc,0.24,0.25,2.622230300462843
av,sacc,0.25,0.26,2.5442593764043475
av,sacc,0.26,0.27,2.454867601134641
av,sacc,0.27,0.28,2.4176854314019
av,sacc,0.28,0.29,2.4473825069197876
av,sacc,0.29,0.3,2.4496580900558427
av,sacc,0.3,0.31,2.4310956288767187
av,sacc,0.31,0.32,2.42318117935316
av,sacc,0.32,0.33,2.3782133666894683
av,sacc,0.33,0.34,2.33414720017403
av,sacc,0.34,0.35,2.2469594488222766
av,sacc,0.35,0.36,2.1269975755737
av,sacc,0.36,0.37,2.005819195617139
av,sacc,0.37,0.38,1.9018579635391455
av,sacc,0.38,0.39,1.8209817352251667
av,sacc,0.39,0.4,1.7600562169217497
av,sacc,0.4,0.41,1.718251321698757
av,sacc,0.41,0.42,1.6426132281508317
av,sacc,0.42,0.43,1.5511319237121475
av,sacc,0.43,0.44,1.4620263853149023
av,sacc,0.44,0.45,1.3592816599448694
av,sacc,0.45,0.46,1.2952361597316233
av,sacc,0.46,0.47,1.2250079430732097
av,sacc,0.47,0.48,1.1573272345797094
av,sacc,0.48,0.49,1.0944839292307946
av,sacc,0.49,0.5,1.0110029453774168
av,sacc,0.5,0.51,0.9166592722141272
av,sacc,0.51,0.52,0.8048265261434441
av,sacc,0.52,0.53,0.7027544574236957
av,sacc,0.53,0.54,0.6207762171507404
av,sacc,0.54,0.55,0.5466551790268515
av,sacc,0.55,0.56,0.48126436551303625
av,sacc,0.56,0.57,0.4276521993010092
av,sacc,0.57,0.58,0.37816184405243103
av,sacc,0.58,0.59,0.333165407701489
av,sacc,0.59,0.6,0.29015831761415817
av,sacc,0.6,0.61,0.24669324853088903
av,sacc,0.61,0.62,0.20554669811455756
av,sacc,0.62,0.63,0.17703750561739845
av,sacc,0.63,0.64,0.1519202200589074
av,sacc,0.64,0.65,0.1284487965170696
av,sacc,0.65,0.66,0.10653736393014665
av,sacc,0.66,0.67,0.08717343950813047
av,sacc,0.67,0.68,0.06831042961292182
av,sacc,0.68,0.69,0.05610242700244155
av,sacc,0.69,0.7,0.04386580070471514
av,sacc,0.7,0.71,0.034505854975226555
av,sacc,0.71,0.72,0.026419663328190585
av,sacc,0.72,0.73,0.02100978643866944
av,sacc,0.73,0.74,0.015156242396833063
av,sacc,0.74,0.75,0.013138272445979933
av,r,0.0,0.01,0.1489290964514178
av,r,0.01,0.02,0.39331221034332203
av,r,0.02,0.03,0.5668758937548319
av,r,0.03,0.04,0.7643798559844688
av,r,0.04,0.05,1.0098044320893198
av,r,0.05,0.06,1.2831081505099835
av,r,0.06,0.07,1.6011413357687512
av,r,0.07,0.08,1.911430314828687
av,r,0.08,0.09,2.1951353032991663
av,r,0.09,0.1,2.4874123269069752
av,r,0.1,0.11,2.7664707916581563
av,r,0.11,0.12,3.0230443542734013
av,r,0.12,0.13,3.2215230183177153
av,r,0.13,0.14,3.3762602694182604
av,r,0.14,0.15,3.491662293860587
av,r,0.15,0.16,3.5844191912111243
av,r,0.16,0.17,3.613686949810865
av,r,0.17,0.18,3.6531289931063284
av,r,0.18,0.19,3.7285415389874017
av,r,0.19,0.2,3.8671227737076155
av,r,0.2,0.21,4.022928191180425
av,r,0.21,0.22,4.127381510307134
av,r,0.22,0.23,4.1719641042690565
av,r,0.23,0.24,4.132842510885291
av,r,0.24,0.25,3.969973843275956
av,r,0.25,0.26,3.756126935550843
av,r,0.26,0.27,3.553655999690229
av,r,0.27,0.28,3.388610943097439
av,r,0.28,0.29,3.235809743546621
av,r,0.29,0.3,3.0168890455532877
av,r,0.3,0.31,2.742623977397597
av,r,0.31,0.32,2.4340574166129225
av,r,0.32,0.33,2.111577988829648
av,r,0.33,0.34,1.9116038918641756
av,r,0.34,0.35,1.6879832618329453
av,r,0.35,0.36,1.3418305968246147
av,r,0.36,0.37,0.9840082141994018
av,r,0.37,0.38,0.7452196216821745
av,r,0.38,0.39,0.5670628228699757
av,r,0.39,0.4,0.43826866253553287
av,r,0.4,0.41,0.3258174476965657
av,r,0.41,0.42,0.23304719826636708
av,r,0.42,0.43,0.16269509057383216
av,r,0.43,0.44,0.10693680594220943
av,r,0.44,0.45,0.06924388508132077
av,r,0.45,0.46,0.04028322431360293
av,r,0.46,0.47,0.020829244258939533
av,r,0.47,0.48,0.009613497350279837
av,r,0.48,0.49,0.0032579074353725934
av,r,0.49,0.5,0.00046732278786082286
av,r,0.5,0.51,0.0
av,r,0.51,0.52,0.0
av,r,0.52,0.53,0.0
av,r,0.53,0.54,0.0
av,r,0.54,0.55,0.0
av,r,0.55,0.56,0.0
av,r,0.56,0.57,0.0
av,r,0.57,0.58,0.0
av,r,0.58,0.59,0.0
av,r,0.59,0.6,0.0
av,dispersion,0.0,0.0083,0.0
av,dispersion,0.0083,0.0167,0.00600843584392487
av,dispersion,0.0167,0.025,0.053835585161566835
av,dispersion,0.025,0.0333,0.18073375018526014
av,dispersion,0.0333,0.0417,0.3504119784176985
av,dispersion,0.0417,0.05,0.47947318034520436
av,dispersion,0.05,0.0583,0.5967578480186183
av,dispersion,0.0583,0.0667,0.7327888355250773
av,dispersion,0.0667,0.075,0.8983813273836468
av,dispersion,0.075,0.0833,1.1096379316560454
av,dispersion,0.0833,0.0917,1.3014272037941272
av,dispersion,0.0917,0.1,1.5855060504948926
av,dispersion,0.1,0.1083,1.8654991608217943
av,dispersion,0.1083,0.1167,2.1341964117621144
av,dispersion,0.1167,0.125,2.4692267944193653
av,dispersion,0.125,0.1333,2.8208404600058485
av,dispersion,0.1333,0.1417,3.227972072790198
av,dispersion,0.1417,0.15,3.6884585958686005
av,dispersion,0.15,0.1583,4.263826412282846
av,dispersion,0.1583,0.1667,4.854816161891296
av,dispersion,0.1667,0.175,5.667156687989939
av,dispersion,0.175,0.1833,6.489351048872619
av,dispersion,0.1833,0.1917,7.314189121526625
av,dispersion,0.1917,0.2,8.062359552812124
av,dispersion,0.2,0.2083,8.681228444736412
av,dispersion,0.2083,0.2167,8.83336204030459
av,dispersion,0.2167,0.225,8.681228444736412
av,dispersion,0.225,0.2333,7.929933626812046
av,dispersion,0.2333,0.2417,7.025303526150718
av,dispersion,0.2417,0.25,5.7774715700843995
av,dispersion,0.25,0.2583,4.482773814435483
av,dispersion,0.2583,0.2667,3.127511025479764
av,dispersion,0.2667,0.275,2.1349174240633784
av,dispersion,0.275,0.2833,1.3675199980773054
av,dispersion,0.2833,0.2917,0.8197909865451067
av,dispersion,0.2917,0.3,0.45904449847586176
av,dispersion,0.3,0.3083,0.2590837535900396
av,dispersion,0.3083,0.3167,0.13506963777143155
av,dispersion,0.3167,0.325,0.06513144454814539
av,dispersion,0.325,0.3333,0.03220521612343742
av,dispersion,0.3333,0.3417,0.02187070647188646
av,dispersion,0.3417,0.35,0.008171472747737853
av,dispersion,0.35,0.3583,0.002403374337569941
av,dispersion,0.3583,0.3667,0.000721012301270987
av,dispersion,0.3667,0.375,0.0016823620362989586
av,dispersion,0.375,0.3833,0.00024033743375699568
av,dispersion,0.3833,0.3917,0.0
av,dispersion,0.3917,0.4,0.0
av,dispersion,0.4,0.4083,0.00024033743375699568
av,dispersion,0.4083,0.4167,0.00024033743375699408
av,dispersion,0.4167,0.425,0.0
av,dispersion,0.425,0.4333,0.0
av,dispersion,0.4333,0.4417,0.0
av,dispersion,0.4417,0.45,0.0
av,dispersion,0.45,0.4583,0.0
av,dispersion,0.4583,0.4667,0.0
av,dispersion,0.4667,0.475,0.0
av,dispersion,0.475,0.4833,0.0
av,dispersion,0.4833,0.4917,0.0
av,dispersion,0.4917,0.5,0.0
av,direction,0.0,5.0,0.003851550433952126
av,direction,5.0,10.0,0.0035808274817844253
av,direction,10.0,15.0,0.003136460733727296
av,direction,15.0,20.0,0.0028229634406707017
av,direction,20.0,25.0,0.002739474794039403
av,direction,25.0,30.0,0.002610064530600964
av,direction,30.0,35.0,0.0025587639331335482
av,direction,35.0,40.0,0.0025508099085401617
av,direction,40.0,45.0,0.0026582750753486465
av,direction,45.0,50.0,0.002827569908151044
av,direction,50.0,55.0,0.0026541836166549264
av,direction,55.0,60.0,0.0024744455501238024
av,direction,60.0,65.0,0.002328583617112712
av,direction,65.0,70.0,0.0023589119123249044
av,direction,70.0,75.0,0.0024294108928936227
av,direction,75.0,80.0,0.002449782351564454
av,direction,80.0,85.0,0.0025714102600050467
av,direction,85.0,90.0,0.0026950123687943584
av,direction,90.0,95.0,0.0029489403121983264
av,direction,95.0,100.0,0.002926508818381007
av,direction,100.0,105.0,0.0028328344424142925
av,direction,105.0,110.0,0.002610980101777181
av,direction,110.0,115.0,0.002522369978878917
av,direction,115.0,120.0,0.0025953009453844626
av,direction,120.0,125.0,0.00258811943397101
av,direction,125.0,130.0,0.0026086339506381246
av,direction,130.0,135.0,0.0025716105411998447
av,direction,135.0,140.0,0.0027350686077538574
av,direction,140.0,145.0,0.002957123229585767
av,direction,145.0,150.0,0.0030552896266357967
av,direction,150.0,155.0,0.003127018905972557
av,direction,155.0,160.0,0.0030678215071102684
av,direction,160.0,165.0,0.0031537707512776514
av,direction,165.0,170.0,0.003246386498071864
av,direction,170.0,175.0,0.0033459262518862193
av,direction,175.0,180.0,0.003375052859929627
av,direction,180.0,185.0,0.003337657499701009
av,direction,185.0,190.0,0.0033372855489106706
av,direction,190.0,195.0,0.0032574591869842405
av,direction,195.0,200.0,0.0031134570079248405
av,direction,200.0,205.0,0.0028771538096630527
av,direction,205.0,210.0,0.0027980713493172987
av,direction,210.0,215.0,0.0027157271666562715
av,direction,215.0,220.0,0.002670978625418659
av,direction,220.0,225.0,0.00252305665726108
av,direction,225.0,230.0,0.002381000066951142
av,direction,230.0,235.0,0.002396106991358725
av,direction,235.0,240.0,0.0024730721933594766
av,direction,240.0,245.0,0.002564715145778959
av,direction,245.0,250.0,0.0024910688892919946
av,direction,250.0,255.0,0.0024851462882458397
av,direction,255.0,260.0,0.002589378344338308
av,direction,260.0,265.0,0.0026730672721644046
av,direction,265.0,270.0,0.0027906037219112777
av,direction,270.0,275.0,0.0026814790823458993
av,direction,275.0,280.0,0.0025521832653044875
av,direction,280.0,285.0,0.002522627483272228
av,direction,285.0,290.0,0.0025882911035665502
av,direction,290.0,295.0,0.0025349304709526457
av,direction,295.0,300.0,0.002415248151261514
av,direction,300.0,305.0,0.002507205831272821
av,direction,305.0,310.0,0.00263020709647774
av,direction,310.0,315.0,0.002818013633999278
av,direction,315.0,320.0,0.0026694908222573066
av,direction,320.0,325.0,0.0025906944779041205
av,direction,325.0,330.0,0.002631694899639093
av,direction,330.0,335.0,0.0028116618589642717
av,direction,335.0,340.0,0.0029842184140819426
av,direction,340.0,345.0,0.002878012157640756
av,direction,345.0,350.0,0.002903848431769633
av,direction,350.0,355.0,0.0030070504702888567
av,direction,355.0,360.0,0.003230879011274687
av,angle,-180.0,-175.0,0.0076223941490776125
av,angle,-175.0,-170.0,0.0066735234731100926
av,angle,-170.0,-165.0,0.006253857338780571
av,angle,-165.0,-160.0,0.006000609471082014
av,angle,-160.0,-155.0,0.005779868781923667
av,angle,-155.0,-150.0,0.005495315422853687
av,angle,-150.0,-145.0,0.00513027983596662
av,angle,-145.0,-140.0,0.004765028561639003
av,angle,-140.0,-135.0,0.004377037668578993
av,angle,-135.0,-130.0,0.00401733264272269
av,angle,-130.0,-125.0,0.0036705996757909645
av,angle,-125.0,-120.0,0.003372119070559681
av,angle,-120.0,-115.0,0.0030660894049091077
av,angle,-115.0,-110.0,0.002820606285070393
av,angle,-110.0,-105.0,0.002552660858922851
av,angle,-105.0,-100.0,0.0023425812918260315
av,angle,-100.0,-95.0,0.0021517595319212788
av,angle,-95.0,-90.0,0.0019679938325717
av,angle,-90.0,-85.0,0.0018044719401424216
av,angle,-85.0,-80.0,0.0016521041696387882
av,angle,-80.0,-75.0,0.0015290698910501112
av,angle,-75.0,-70.0,0.0014159880472182946
av,angle,-70.0,-65.0,0.0013192368238853505
av,angle,-65.0,-60.0,0.001243222407336824
av,angle,-60.0,-55.0,0.001167546928194878
av,angle,-55.0,-50.0,0.001107031194874527
av,angle,-50.0,-45.0,0.001078745327670819
av,angle,-45.0,-40.0,0.0010279971541582843
av,angle,-40.0,-35.0,0.000986800853013015
av,angle,-35.0,-30.0,0.0009695458577689229
av,angle,-30.0,-25.0,0.0009563581114037956
av,angle,-25.0,-20.0,0.0009516129877116703
av,angle,-20.0,-15.0,0.0009420919278359124
av,angle,-15.0,-10.0,0.0009473916763751691
av,angle,-10.0,-5.0,0.0009481311761713445
av,angle,-5.0,0.0,0.0009574981735895659
av,angle,0.0,5.0,0.0009567586737933905
av,angle,5.0,10.0,0.0009472992389006473
av,angle,10.0,15.0,0.0009385484913125721
av,angle,15.0,20.0,0.0009324476179941253
av,angle,20.0,25.0,0.0009525065499653823
av,angle,25.0,30.0,0.0009733974192073364
av,angle,30.0,35.0,0.0009903442895363552
av,angle,35.0,40.0,0.0010057197227985014
av,angle,40.0,45.0,0.0010455910868089567
av,angle,45.0,50.0,0.0010988658846250907
av,angle,50.0,55.0,0.001154112681897692
av,angle,55.0,60.0,0.001205908480121475
av,angle,60.0,65.0,0.001290396331834511
av,angle,65.0,70.0,0.0013847441808298852
av,angle,70.0,75.0,0.0014897223393952803
av,angle,75.0,80.0,0.0016196278035900866
av,angle,80.0,85.0,0.0017627518266415277
av,angle,85.0,90.0,0.0019020242882545554
av,angle,90.0,95.0,0.002067456555157287
av,angle,95.0,100.0,0.002264040250973906
av,angle,100.0,105.0,0.002458343822418984
av,angle,105.0,110.0,0.0026754486375794692
av,angle,110.0,115.0,0.002919976570181458
av,angle,115.0,120.0,0.0032000621179828787
av,angle,120.0,125.0,0.0034870496638819363
av,angle,125.0,130.0,0.0037973622658520256
av,angle,130.0,135.0,0.004106596430619359
av,angle,135.0,140.0,0.004473449954505356
av,angle,140.0,145.0,0.004836328666986911
av,angle,145.0,150.0,0.005189008444779547
av,angle,150.0,155.0,0.005506839294677419
av,angle,155.0,160.0,0.005764832286068102
av,angle,160.0,165.0,0.006011609530550123
av,angle,165.0,170.0,0.0062619918365385005
av,angle,170.0,175.0,0.006639013482621909
av,angle,175.0,180.0,0.007625321335770807
av,length,1,2,0.0
av,length,2,3,0.0
av,length,3,4,0.0
av,length,4,5,0.0
av,length,5,6,0.0
av,length,6,7,0.0
av,length,7,8,0.0
av,length,8,9,0.0
av,length,9,10,0.0
av,length,10,11,0.0
av,length,11,12,0.0
av,length,12,13,0.0
av,length,13,14,0.0
av,length,14,15,0.0
av,length,15,16,0.0
av,length,16,17,1.0
scandiff,sacc,0.0,0.01,2.534964714843936
scandiff,sacc,0.01,0.02,6.2172310704689915
scandiff,sacc,0.02,0.03,7.881785876904185
scandiff,sacc,0.03,0.04,8.157853617567746
scandiff,sacc,0.04,0.05,7.762978479778021
scandiff,sacc,0.05,0.06,7.05245348109031
scandiff,sacc,0.06,0.07,6.2538529241939775
scandiff,sacc,0.07,0.08,5.484793995969157
scandiff,sacc,0.08,0.09,4.799080303180122
scandiff,sacc,0.09,0.1,4.1693064919560054
scandiff,sacc,0.1,0.11,3.6765289318748087
scandiff,sacc,0.11,0.12,3.2294371343155333
scandiff,sacc,0.12,0.13,2.850736648587676
scandiff,sacc,0.13,0.14,2.520468564411124
scandiff,sacc,0.14,0.15,2.2603313301179386
scandiff,sacc,0.15,0.16,2.02735530400411
scandiff,sacc,0.16,0.17,1.8391800122805266
scandiff,sacc,0.17,0.18,1.666507971967195
scandiff,sacc,0.18,0.19,1.5295117208242832
scandiff,sacc,0.19,0.2,1.3896467578062521
scandiff,sacc,0.2,0.21,1.274501546052594
scandiff,sacc,0.21,0.22,1.1855104415008602
scandiff,sacc,0.22,0.23,1.0937116614968807
scandiff,sacc,0.23,0.24,1.0254424225112113
scandiff,sacc,0.24,0.25,0.9449353807391014
scandiff,sacc,0.25,0.26,0.8761168139475544
scandiff,sacc,0.26,0.27,0.8190172403480046
scandiff,sacc,0.27,0.28,0.7737587327862021
scandiff,sacc,0.28,0.29,0.7145228843860318
scandiff,sacc,0.29,0.3,0.6732317443110997
scandiff,sacc,0.3,0.31,0.6251960795084853
scandiff,sacc,0.31,0.32,0.5868957241544314
scandiff,sacc,0.32,0.33,0.5442923009876909
scandiff,sacc,0.33,0.34,0.5135604620701353
scandiff,sacc,0.34,0.35,0.4824929228267672
scandiff,sacc,0.35,0.36,0.4447724134900281
scandiff,sacc,0.36,0.37,0.41605477652734457
scandiff,sacc,0.37,0.38,0.386940402815976
scandiff,sacc,0.38,0.39,0.360206449596732
scandiff,sacc,0.39,0.4,0.3314582944226135
scandiff,sacc,0.4,0.41,0.30811186267293117
scandiff,sacc,0.41,0.42,0.28119480018506376
scandiff,sacc,0.42,0.43,0.25943531543012954
scandiff,sacc,0.43,0.44,0.23718753929219702
scandiff,sacc,0.44,0.45,0.2185103938924512
scandiff,sacc,0.45,0.46,0.19308872376501937
scandiff,sacc,0.46,0.47,0.17389276877083618
scandiff,sacc,0.47,0.48,0.15088203734696715
scandiff,sacc,0.48,0.49,0.13128934560409566
scandiff,sacc,0.49,0.5,0.11923465208628586
scandiff,sacc,0.5,0.51,0.10150357124110233
scandiff,sacc,0.51,0.52,0.08401663608741873
scandiff,sacc,0.52,0.53,0.07187038793529645
scandiff,sacc,0.53,0.54,0.05984621262892413
scandiff,sacc,0.54,0.55,0.047791519111114324
scandiff,sacc,0.55,0.56,0.03878864673705383
scandiff,sacc,0.56,0.57,0.03048769322605569
scandiff,sacc,0.57,0.58,0.02716120817936923
scandiff,sacc,0.58,0.59,0.02005046491443302
scandiff,sacc,0.59,0.6,0.01733434409649613
scandiff,sacc,0.6,0.61,0.012329357420747245
scandiff,sacc,0.61,0.62,0.009155463431247955
scandiff,sacc,0.62,0.63,0.0073243707449983635
scandiff,sacc,0.63,0.64,0.005096541310061362
scandiff,sacc,0.64,0.65,0.004852395618561416
scandiff,sacc,0.65,0.66,0.0037537400068116612
scandiff,sacc,0.66,0.67,0.0025940479721869207
scandiff,sacc,0.67,0.68,0.0020142019548745503
scandiff,sacc,0.68,0.69,0.001190210246062234
scandiff,sacc,0.69,0.7,0.001190210246062234
scandiff,sacc,0.7,0.71,0.000762955285937338
scandiff,sacc,0.71,0.72,0.0007324370744998364
scandiff,sacc,0.72,0.73,0.0003051821143749318
scandiff,sacc,0.73,0.74,0.0001831092686249591
scandiff,sacc,0.74,0.75,0.0002136274800624523
scandiff,r,0.0,0.01,0.4304519520295252
scandiff,r,0.01,0.02,1.2930514875854604
scandiff,r,0.02,0.03,2.0735718609953095
scandiff,r,0.03,0.04,2.6977762057860772
scandiff,r,0.04,0.05,3.191734856222371
scandiff,r,0.05,0.06,3.5392068418730918
scandiff,r,0.06,0.07,3.765573646707226
scandiff,r,0.07,0.08,3.9272680064804937
scandiff,r,0.08,0.09,4.050969623026678
scandiff,r,0.09,0.1,4.089836676244332
scandiff,r,0.1,0.11,4.114052413559225
scandiff,r,0.11,0.12,4.059845194143185
scandiff,r,0.12,0.13,4.035576468344014
scandiff,r,0.13,0.14,4.01014199589074
scandiff,r,0.14,0.15,3.937839209093891
scandiff,r,0.15,0.16,3.89944905223472
scandiff,r,0.16,0.17,3.867867915605238
scandiff,r,0.17,0.18,3.8092096635098853
scandiff,r,0.18,0.19,3.726150214404651
scandiff,r,0.19,0.2,3.6600205860261386
scandiff,r,0.2,0.21,3.545618448470693
scandiff,r,0.21,0.22,3.3776714475526575
scandiff,r,0.22,0.23,3.218838465930389
scandiff,r,0.23,0.24,2.983092699379113
scandiff,r,0.24,0.25,2.747029001922155
scandiff,r,0.25,0.26,2.5252457009780325
scandiff,r,0.26,0.27,2.2432409876523565
scandiff,r,0.27,0.28,1.9802591401823582
scandiff,r,0.28,0.29,1.7267357371559307
scandiff,r,0.29,0.3,1.4718081392961262
scandiff,r,0.3,0.31,1.2384468545373366
scandiff,r,0.31,0.32,1.0266253886374135
scandiff,r,0.32,0.33,0.8436561524266731
scandiff,r,0.33,0.34,0.6699069124802446
scandiff,r,0.34,0.35,0.5289045558174065
scandiff,r,0.35,0.36,0.4072429959159145
scandiff,r,0.36,0.37,0.31909665232003426
scandiff,r,0.37,0.38,0.23998484529349637
scandiff,r,0.38,0.39,0.18620153375167725
scandiff,r,0.39,0.4,0.14222109180122416
scandiff,r,0.4,0.41,0.11424317210262269
scandiff,r,0.41,0.42,0.08242358729389174
scandiff,r,0.42,0.43,0.0604863548029424
scandiff,r,0.43,0.44,0.0457555561737545
scandiff,r,0.44,0.45,0.0325879178307574
scandiff,r,0.45,0.46,0.021460336132449995
scandiff,r,0.46,0.47,0.014386373481383144
scandiff,r,0.47,0.48,0.009061030811478937
scandiff,r,0.48,0.49,0.006040687207652591
scandiff,r,0.49,0.5,0.004504021163600617
scandiff,r,0.5,0.51,0.0027818954245768515
scandiff,r,0.51,0.52,0.0015366660440519749
scandiff,r,0.52,0.53,0.001165746654108395
scandiff,r,0.53,0.54,0.001033275443414259
scandiff,r,0.54,0.55,0.00039741363208240735
scandiff,r,0.55,0.56,0.00039741363208240735
scandiff,r,0.56,0.57,0.00010597696855530863
scandiff,r,0.57,0.58,0.0001059769685553098
scandiff,r,0.58,0.59,5.2988484277654316e-05
scandiff,r,0.59,0.6,5.2988484277654316e-05
scandiff,dispersion,0.0,0.0083,0.4610311714459669
scandiff,dispersion,0.0083,0.0167,1.683535376064718
scandiff,dispersion,0.0167,0.025,3.0159926215722557
scandiff,dispersion,0.025,0.0333,3.8758446913297457
scandiff,dispersion,0.0333,0.0417,4.10925377812875
scandiff,dispersion,0.0417,0.05,4.146387041937679
scandiff,dispersion,0.05,0.0583,4.188583932629651
scandiff,dispersion,0.0583,0.0667,4.257304583185142
scandiff,dispersion,0.0667,0.075,4.301430474594459
scandiff,dispersion,0.075,0.0833,4.40173851189651
scandiff,dispersion,0.0833,0.0917,4.527364683613743
scandiff,dispersion,0.0917,0.1,4.632012972529818
scandiff,dispersion,0.1,0.1083,4.7045916245200115
scandiff,dispersion,0.1083,0.1167,4.919192954324881
scandiff,dispersion,0.1167,0.125,4.9654889715412125
scandiff,dispersion,0.125,0.1333,5.059768881601554
scandiff,dispersion,0.1333,0.1417,5.201791559416237
scandiff,dispersion,0.1417,0.15,5.156460042558579
scandiff,dispersion,0.15,0.1583,5.117638903121968
scandiff,dispersion,0.1583,0.1667,4.970070348244912
scandiff,dispersion,0.1667,0.175,4.816232541036477
scandiff,dispersion,0.175,0.1833,4.564015697243338
scandiff,dispersion,0.1833,0.1917,4.309146477463847
scandiff,dispersion,0.1917,0.2,3.962890848700022
scandiff,dispersion,0.2,0.2083,3.496072675102027
scandiff,dispersion,0.2083,0.2167,3.1141305330672924
scandiff,dispersion,0.2167,0.225,2.690232625430258
scandiff,dispersion,0.225,0.2333,2.240775458288374
scandiff,dispersion,0.2333,0.2417,1.8262814291484069
scandiff,dispersion,0.2417,0.25,1.4178155272501494
scandiff,dispersion,0.25,0.2583,1.1431740501178538
scandiff,dispersion,0.2583,0.2667,0.8733550747789157
scandiff,dispersion,0.2667,0.275,0.642839489055933
scandiff,dispersion,0.275,0.2833,0.4682649241360203
scandiff,dispersion,0.2833,0.2917,0.2975483606507957
scandiff,dispersion,0.2917,0.3,0.19290007173471485
scandiff,dispersion,0.3,0.3083,0.11332879214414422
scandiff,dispersion,0.3083,0.3167,0.06317477349311912
scandiff,dispersion,0.3167,0.325,0.037133263808932365
scandiff,dispersion,0.325,0.3333,0.018807756994134697
scandiff,dispersion,0.3333,0.3417,0.009403878497067288
scandiff,dispersion,0.3417,0.35,0.0050636268830362655
scandiff,dispersion,0.35,0.3583,0.0014467505380103517
scandiff,dispersion,0.3583,0.3667,0.00048225017933678716
scandiff,dispersion,0.3667,0.375,0.0
scandiff,dispersion,0.375,0.3833,0.0
scandiff,dispersion,0.3833,0.3917,0.0
scandiff,dispersion,0.3917,0.4,0.0
scandiff,dispersion,0.4,0.4083,0.0
scandiff,dispersion,0.4083,0.4167,0.0
scandiff,dispersion,0.4167,0.425,0.0
scandiff,dispersion,0.425,0.4333,0.0
scandiff,dispersion,0.4333,0.4417,0.0
scandiff,dispersion,0.4417,0.45,0.0
scandiff,dispersion,0.45,0.4583,0.0
scandiff,dispersion,0.4583,0.4667,0.0
scandiff,dispersion,0.4667,0.475,0.0
scandiff,dispersion,0.475,0.4833,0.0
scandiff,dispersion,0.4833,0.4917,0.0
scandiff,dispersion,0.4917,0.5,0.0
scandiff,direction,0.0,5.0,0.003840824916441443
scandiff,direction,5.0,10.0,0.0038142131335252316
scandiff,direction,10.0,15.0,0.0036982443547619224
scandiff,direction,15.0,20.0,0.0035328362545258346
scandiff,direction,20.0,25.0,0.003342830565952055
scandiff,direction,25.0,30.0,0.003195245035925907
scandiff,direction,30.0,35.0,0.0030102443156987545
scandiff,direction,35.0,40.0,0.002843371346678288
scandiff,direction,40.0,45.0,0.0027086644547148022
scandiff,direction,45.0,50.0,0.0025867141284152805
scandiff,direction,50.0,55.0,0.0024869809786788348
scandiff,direction,55.0,60.0,0.0024290576254965292
scandiff,direction,60.0,65.0,0.0023729653582946976
scandiff,direction,65.0,70.0,0.0023121122675436347
scandiff,direction,70.0,75.0,0.002275551584133518
scandiff,direction,75.0,80.0,0.002278664430300323
scandiff,direction,80.0,85.0,0.0022399064437136377
scandiff,direction,85.0,90.0,0.002197425248966657
scandiff,direction,90.0,95.0,0.0021171626468225774
scandiff,direction,95.0,100.0,0.0020151711577102147
scandiff,direction,100.0,105.0,0.0019440639854685015
scandiff,direction,105.0,110.0,0.0018878496458679713
scandiff,direction,110.0,115.0,0.0018773514195799246
scandiff,direction,115.0,120.0,0.0018564770394025288
scandiff,direction,120.0,125.0,0.0018645338177166115
scandiff,direction,125.0,130.0,0.0019084798812479707
scandiff,direction,130.0,135.0,0.00197641317112353
scandiff,direction,135.0,140.0,0.002068089542545893
scandiff,direction,140.0,145.0,0.0021489014704841147
scandiff,direction,145.0,150.0,0.002266701335227897
scandiff,direction,150.0,155.0,0.002406535267936708
scandiff,direction,155.0,160.0,0.002565107313845696
scandiff,direction,160.0,165.0,0.0027371683598108364
scandiff,direction,165.0,170.0,0.002906787957802013
scandiff,direction,170.0,175.0,0.0031147993251837798
scandiff,direction,175.0,180.0,0.0032972975612376187
scandiff,direction,180.0,185.0,0.0034387184351295065
scandiff,direction,185.0,190.0,0.0035491329197520466
scandiff,direction,190.0,195.0,0.003557555915262224
scandiff,direction,195.0,200.0,0.0035013415756616935
scandiff,direction,200.0,205.0,0.003462156335679565
scandiff,direction,205.0,210.0,0.0033825040955289764
scandiff,direction,210.0,215.0,0.0032826488733938325
scandiff,direction,215.0,220.0,0.003174614800545908
scandiff,direction,220.0,225.0,0.0031473316194368557
scandiff,direction,225.0,230.0,0.003041067596370055
scandiff,direction,230.0,235.0,0.002962269863010354
scandiff,direction,235.0,240.0,0.002943897967006272
scandiff,direction,240.0,245.0,0.002912830541537575
scandiff,direction,245.0,250.0,0.002870715563986689
scandiff,direction,250.0,255.0,0.002880542392081896
scandiff,direction,255.0,260.0,0.0029069100302007117
scandiff,direction,260.0,265.0,0.0029017219532560374
scandiff,direction,265.0,270.0,0.002893176885347162
scandiff,direction,270.0,275.0,0.0028616211702836717
scandiff,direction,275.0,280.0,0.0027410746765691796
scandiff,direction,280.0,285.0,0.002633589929515397
scandiff,direction,285.0,290.0,0.002537824132736643
scandiff,direction,290.0,295.0,0.0024857602546918527
scandiff,direction,295.0,300.0,0.002449870969474576
scandiff,direction,300.0,305.0,0.00242148913677724
scandiff,direction,305.0,310.0,0.002469097372269546
scandiff,direction,310.0,315.0,0.0024935118520091897
scandiff,direction,315.0,320.0,0.0025538156169661107
scandiff,direction,320.0,325.0,0.00266148347261794
scandiff,direction,325.0,330.0,0.002792161975424385
scandiff,direction,330.0,335.0,0.002879993066287754
scandiff,direction,335.0,340.0,0.0030624302661422433
scandiff,direction,340.0,345.0,0.0032310122487444856
scandiff,direction,345.0,350.0,0.0034252904712727024
scandiff,direction,350.0,355.0,0.003608399069320032
scandiff,direction,355.0,360.0,0.0037576936129279552
scandiff,angle,-180.0,-175.0,0.0040697684878828475
scandiff,angle,-175.0,-170.0,0.0038490477233988117
scandiff,angle,-170.0,-165.0,0.003581620804317405
scandiff,angle,-165.0,-160.0,0.0032933236466639823
scandiff,angle,-160.0,-155.0,0.0030468389324944936
scandiff,angle,-155.0,-150.0,0.0028350419941584925
scandiff,angle,-150.0,-145.0,0.002671606436237643
scandiff,angle,-145.0,-140.0,0.0025295448812681334
scandiff,angle,-140.0,-135.0,0.002419220482196067
scandiff,angle,-135.0,-130.0,0.002303426641291335
scandiff,angle,-130.0,-125.0,0.002234338954983975
scandiff,angle,-125.0,-120.0,0.002188136564765928
scandiff,angle,-120.0,-115.0,0.002149634572917555
scandiff,angle,-115.0,-110.0,0.0021226471954537422
scandiff,angle,-110.0,-105.0,0.002089974477137553
scandiff,angle,-105.0,-100.0,0.002109909153290823
scandiff,angle,-100.0,-95.0,0.0021222153974143213
scandiff,angle,-95.0,-90.0,0.002138551756572416
scandiff,angle,-90.0,-85.0,0.0021676261578934303
scandiff,angle,-85.0,-80.0,0.0022146921441903193
scandiff,angle,-80.0,-75.0,0.0022755756677486807
scandiff,angle,-75.0,-70.0,0.0023355955952282
scandiff,angle,-70.0,-65.0,0.0023894264174760178
scandiff,angle,-65.0,-60.0,0.002475714059020315
scandiff,angle,-60.0,-55.0,0.0025830878381563377
scandiff,angle,-55.0,-50.0,0.002661531148651153
scandiff,angle,-50.0,-45.0,0.002810717371271109
scandiff,angle,-45.0,-40.0,0.002932700317407542
scandiff,angle,-40.0,-35.0,0.0030454715720363273
scandiff,angle,-35.0,-30.0,0.003190843578641398
scandiff,angle,-30.0,-25.0,0.0033306741770738994
scandiff,angle,-25.0,-20.0,0.0034652512326934447
scandiff,angle,-20.0,-15.0,0.003559815003326644
scandiff,angle,-15.0,-10.0,0.00366726074880257
scandiff,angle,-10.0,-5.0,0.003780032003431355
scandiff,angle,-5.0,0.0,0.003812488822727834
scandiff,angle,0.0,5.0,0.003825442763910464
scandiff,angle,5.0,10.0,0.003825658662930174
scandiff,angle,10.0,15.0,0.0038087465730528513
scandiff,angle,15.0,20.0,0.0036844607040395065
scandiff,angle,20.0,25.0,0.003603858403347586
scandiff,angle,25.0,30.0,0.003478996803615013
scandiff,angle,30.0,35.0,0.0033658657172867105
scandiff,angle,35.0,40.0,0.003221213374080675
scandiff,angle,40.0,45.0,0.003086780251140936
scandiff,angle,45.0,50.0,0.002958392300753092
scandiff,angle,50.0,55.0,0.002839000142853185
scandiff,angle,55.0,60.0,0.002719536018613374
scandiff,angle,60.0,65.0,0.00260143925483173
scandiff,angle,65.0,70.0,0.0025052202583807502
scandiff,angle,70.0,75.0,0.0023996456377423153
scandiff,angle,75.0,80.0,0.002299180627237029
scandiff,angle,80.0,85.0,0.0022099423657566883
scandiff,angle,85.0,90.0,0.0021718721719477365
scandiff,angle,90.0,95.0,0.002103360216359604
scandiff,angle,95.0,100.0,0.0020790355934722214
scandiff,angle,100.0,105.0,0.002024341175145561
scandiff,angle,105.0,110.0,0.001998649191800011
scandiff,angle,110.0,115.0,0.0019790743473462593
scandiff,angle,115.0,120.0,0.0020108115032437027
scandiff,angle,120.0,125.0,0.0020402457362642345
scandiff,angle,125.0,130.0,0.0020898305444577462
scandiff,angle,130.0,135.0,0.0021512897987353355
scandiff,angle,135.0,140.0,0.00223793727197915
scandiff,angle,140.0,145.0,0.002315948784434544
scandiff,angle,145.0,150.0,0.002444912465541617
scandiff,angle,150.0,155.0,0.002629865959093613
scandiff,angle,155.0,160.0,0.00280539186211825
scandiff,angle,160.0,165.0,0.003058641412238668
scandiff,angle,165.0,170.0,0.003339166205182512
scandiff,angle,170.0,175.0,0.003667332715142473
scandiff,angle,175.0,180.0,0.003965561227702579
scandiff,length,1,2,0.0
scandiff,length,2,3,0.0032665862871471547
scandiff,length,3,4,0.02273592123341171
scandiff,length,4,5,0.03585433949264768
scandiff,length,5,6,0.07003432819678829
scandiff,length,6,7,0.06931131308356933
scandiff,length,7,8,0.09524372218594908
scandiff,length,8,9,0.14723471754343098
scandiff,length,9,10,0.19499777687873776
scandiff,length,10,11,0.16455904089341436
scandiff,length,11,12,0.10686804273199572
scandiff,length,12,13,0.052525746147591215
scandiff,length,13,14,0.018548041450196076
scandiff,length,14,15,0.005932328989901823
scandiff,length,15,16,0.0028940632648238127
scandiff,length,16,17,0.009994031620395034
