cond,group,n_pretrain,seed,peak_nss,peak_ll,peak_auc,peak_epoch,final_nss
scratch,scratch,0,42,2.741419927278649,2.1846070003033535,0.9054162487508928,3,0.6424415013350221
scratch,scratch,0,43,2.7064918413803754,2.1624761513933644,0.9034909348430856,2,0.7259919863840374
scratch,scratch,0,44,2.710913640663922,2.1738404037235712,0.9051178332914656,4,0.6369004667621596
scratch,scratch,0,45,2.7236830121775975,2.1811126506947063,0.906205265543074,4,0.6888979085269152
scratch,scratch,0,46,2.7402976103892525,2.195114890107788,0.9070372488179139,4,0.6402563930452173
lad1k,av_scale,1000,42,2.798642922605891,2.2299962319729287,0.9087206077584778,2,0.6834778218053562
lad1k,av_scale,1000,43,2.8180368792489245,2.2516966447355427,0.9090484303525542,2,0.6925773645484951
lad10k,av_scale,10000,42,2.9623210623572342,2.3430297529421527,0.9131345478656757,2,0.8995886414955131
lad10k,av_scale,10000,43,2.9473559403468004,2.3500962646361647,0.9139805450952125,2,0.8714971820305605
lad50k,av_scale,50000,42,3.07713233653005,2.4186485042589,0.9166717764335028,2,1.2943549302964645
lad50k,av_scale,50000,43,3.060008078161722,2.4039825578111236,0.9167849663626081,2,1.2901886383058279
lad100k,av_scale,100000,42,3.1083204921179606,2.437004534237746,0.9183339039062738,2,1.5389532318010941
lad100k,av_scale,100000,43,3.09654902602382,2.4285577610059286,0.9180677108928971,2,1.552090752650041
lad200k,av_scale,200000,42,3.1552750700184675,2.4643073623217377,0.9192393661030432,2,1.8095324493694525
lad200k,av_scale,200000,43,3.151754375770764,2.4575524765729053,0.9193756013828219,2,1.7582710267576112
lad400k,av_scale,400000,42,3.232582520022761,2.4952854514576774,0.9203092206614367,2,2.026526129644436
lad400k,av_scale,400000,43,3.2259818350219773,2.4930579836953086,0.9204881394533999,2,2.0502731003594845
lad800k,av_scale,800000,42,3.303181857674071,2.535507075215708,0.9219360729927691,2,2.2000037172955147
lad800k,av_scale,800000,43,3.3056254995833334,2.5292363877229143,0.9218865400473923,2,2.238779783309537
bv1k,av_scale_bv,1000,42,2.8300535797936384,2.243407293388645,0.9086876558414675,4,0.8017020147674673
bv1k,av_scale_bv,1000,43,2.7995644935756347,2.2340840787635328,0.9081501729089089,2,0.7688344981121553
bv1k,av_scale_bv,1000,44,2.8466818458035905,2.2466843453968286,0.9094120402643239,3,0.7892431093660294
bv1k,av_scale_bv,1000,45,2.794931339192851,2.221542522690182,0.9079482911774246,3,0.7361206557082499
bv1k,av_scale_bv,1000,46,2.8329257662668597,2.243339965902534,0.9093346107042454,2,0.7763273144824884
bv10k,av_scale_bv,10000,42,3.0588083563567663,2.39566420577277,0.917191598011088,3,1.1297475727803679
bv10k,av_scale_bv,10000,43,3.0411215294171448,2.402700561298662,0.9165856123751263,2,1.0871771168160809
bv10k,av_scale_bv,10000,44,3.0452305889960343,2.4058953562745726,0.9169259506257844,2,1.098971903794052
bv10k,av_scale_bv,10000,45,3.0633403683727414,2.404913068014753,0.9170365299298101,3,1.0943425901135617
bv10k,av_scale_bv,10000,46,3.0587104804669853,2.4110752725907405,0.9175620886212024,2,1.1256785802467368
bv50k,av_scale_bv,50000,42,3.1614635616298368,2.4771617256552134,0.9198877101087619,2,1.5529444267478747
bv50k,av_scale_bv,50000,43,3.1475517757214218,2.4650216132463054,0.9197899335284745,2,1.5530071407367048
bv50k,av_scale_bv,50000,44,3.143919895815219,2.4657041790496295,0.9196506119650596,2,1.54583868680717
bv50k,av_scale_bv,50000,45,3.1276366851943433,2.460486002584743,0.9191000907779467,2,1.5399160830006533
bv50k,av_scale_bv,50000,46,3.1494326222070237,2.4765465102354605,0.9203254146613219,2,1.568356634334624
bv100k,av_scale_bv,100000,42,3.194692025410195,2.485573761180301,0.9203236405173978,2,1.7951591789404107
bv100k,av_scale_bv,100000,43,3.179553777009764,2.473604446494931,0.920217001702663,2,1.788811974712512
bv100k,av_scale_bv,100000,44,3.188264928629294,2.4876022127401063,0.9205986414169125,2,1.7883073327113568
bv100k,av_scale_bv,100000,45,3.165216757498098,2.4763209302042775,0.9200471287303332,2,1.8000155503265673
bv100k,av_scale_bv,100000,46,3.1726074533144795,2.475417839554598,0.9203464868132666,2,1.7920620467661599
bv200k,av_scale_bv,200000,42,3.1893708312226456,2.4898933836108306,0.9206039184175757,2,1.9487703864937336
bv200k,av_scale_bv,200000,43,3.193280479005734,2.4890027071746297,0.9208346753819853,2,1.9293294686403424
bv200k,av_scale_bv,200000,44,3.185855476001878,2.4906600398501326,0.920609327940799,2,1.9464753319263943
bv200k,av_scale_bv,200000,45,3.1734155689802925,2.4836398027041438,0.9202973451370625,2,1.942219281760504
bv200k,av_scale_bv,200000,46,3.182499700241996,2.485604954964935,0.9208126258434745,2,1.9228343898667324
bv400k,av_scale_bv,400000,42,3.2372022949818557,2.5020448206218067,0.9207220889840158,2,2.0768092284367503
bv400k,av_scale_bv,400000,43,3.235872058180802,2.5026694888880026,0.9209688005254567,2,2.1156973108111115
bv400k,av_scale_bv,400000,44,3.2352902629277227,2.5050035876620824,0.9207026572066188,2,2.085871562748268
bv400k,av_scale_bv,400000,45,3.226611332257306,2.5031355076515904,0.9206121321786517,2,2.1023039374185966
bv400k,av_scale_bv,400000,46,3.234868696874665,2.50088290812586,0.9208091448912906,2,2.1091437599454017
bv800k,av_scale_bv,800000,42,3.303987979540262,2.536117248434198,0.9219554094209251,2,2.20240872117974
bv800k,av_scale_bv,800000,43,3.3072126896280722,2.530002392025045,0.9219089633238522,2,2.238552315082943
bv800k,av_scale_bv,800000,44,3.2971199056624396,2.5382382009379256,0.9220954374100403,2,2.210892778219672
bv800k,av_scale_bv,800000,45,3.272896670388666,2.5263136676299487,0.9214990071436941,2,2.2252189222181316
bv800k,av_scale_bv,800000,46,3.310223520741943,2.5380481521116756,0.9222634110110883,2,2.221242240507872
sd5,triangle,100000,42,2.9713525731923744,2.379792909315074,0.9170522984469713,2,1.4221726196570774
sd5,triangle,100000,43,2.9548595709269554,2.367877901456909,0.9167839640397143,2,1.4109508744834156
sd5,triangle,100000,44,2.975232461113047,2.388869179607893,0.917377686558153,2,1.4125927745962434
avfull,triangle,100000,42,3.029439240709205,2.386322882015065,0.91631389404756,2,1.5728147015703173
avfull,triangle,100000,43,3.001561011812088,2.376610133777982,0.9159185214049637,2,1.576549306792318
avfull,triangle,100000,44,3.0023027623597143,2.377033071685298,0.9158273865208257,2,1.574504812643129
avmatch,triangle,100000,42,2.973721104472239,2.341163508609195,0.9142695095083114,2,1.4518893579720298
avmatch,triangle,100000,43,2.9583480709506196,2.338742652955339,0.9141534132047321,2,1.4391221541604398
avmatch,triangle,100000,44,2.965140745422726,2.339339069597658,0.9140216509033741,2,1.4541048592720125
