model,human_data,cond,n_pretrain,seed,ckpt,init,mm_kld,sm_kld_corr,n_sampling_seeds,mm_kld_min,mm_kld_max,sm_kld_corr_min,sm_kld_corr_max,sm_kld_upstream,mm_sim,mm_sim_ref
dg3,mit_only,salicon,-2,0,stage3_best,-,0.04689,0.05298,2,0.04689,0.04748,0.05287,0.05298,0.04669,0.85638,0.87244
dg3,mit_only,salicon,-2,1,stage3_best,-,0.04446,0.05812,2,0.04428,0.04446,0.04591,0.05812,0.04235,0.85687,0.87244
dg3,mit_only,scratch,0,0,stage3_best,-,0.0508,0.0606,2,0.04945,0.0508,0.05869,0.0606,0.05085,0.85586,0.87244
dg3,mit_only,scratch,0,1,stage3_best,-,0.04749,0.05647,2,0.04746,0.04749,0.05518,0.05647,0.04985,0.85593,0.87244
dg3,mit_only,full1k,1000,0,stage3_best,-,0.04826,0.0565,2,0.04826,0.04904,0.0545,0.0565,0.04655,0.85567,0.87244
dg3,mit_only,full1k,1000,1,stage3_best,-,0.04631,0.05564,2,0.04631,0.04826,0.05562,0.05564,0.04787,0.85598,0.87244
dg3,mit_only,full10k,10000,0,stage3_best,-,0.04898,0.05605,2,0.04622,0.04898,0.05605,0.05878,0.04873,0.8563,0.87244
dg3,mit_only,full10k,10000,1,stage3_best,-,0.04889,0.05657,2,0.04796,0.04889,0.0543,0.05657,0.04657,0.85629,0.87244
dg3,mit_only,full50k,50000,0,stage3_best,-,0.05285,0.06172,2,0.04963,0.05285,0.06172,0.06399,0.05323,0.85544,0.87244
dg3,mit_only,full50k,50000,1,stage3_best,-,0.04728,0.05665,2,0.04635,0.04728,0.05544,0.05665,0.04948,0.85588,0.87244
dg3,mit_only,full100k,100000,0,stage3_best,-,0.04984,0.05535,2,0.04729,0.04984,0.05535,0.05842,0.04609,0.85587,0.87244
dg3,mit_only,full100k,100000,1,stage3_best,-,0.0507,0.05859,2,0.0468,0.0507,0.05553,0.05859,0.0509,0.85544,0.87244
dg3,mit_only,full200k,200000,0,stage3_best,-,0.05125,0.06459,2,0.0487,0.05125,0.06246,0.06459,0.05615,0.85525,0.87244
dg3,mit_only,full200k,200000,1,stage3_best,-,0.05158,0.06659,2,0.05003,0.05158,0.06627,0.06659,0.05769,0.85517,0.87244
ours,joint,scratch,0,42,best_val_ll,-,0.04012,0.04228,2,0.03937,0.04012,0.04228,0.0468,0.03962,0.85709,0.87239
ours,joint,scratch,0,43,best_val_ll,-,0.03475,0.0277,2,0.03475,0.03514,0.0277,0.02855,0.02694,0.85935,0.87239
ours,joint,bv800k,800000,42,best_val_ll,selected,0.02903,0.03472,2,0.02834,0.02903,0.03472,0.03598,0.03138,0.85915,0.87239
ours,joint,bv800k,800000,43,best_val_ll,selected,0.02418,0.02175,2,0.02237,0.02418,0.02175,0.02435,0.0192,0.86125,0.87239
ours,mit_only,scratch,0,42,best_val_ll,-,0.05603,0.04879,2,0.05603,0.05678,0.04504,0.04879,0.0423,0.85662,0.87239
ours,mit_only,scratch,0,43,best_val_ll,-,0.09012,0.06979,2,0.08855,0.09012,0.06782,0.06979,0.06194,0.85263,0.87239
ours,mit_only,bv1k,1000,42,best_val_ll,selected,0.04913,0.04847,2,0.04913,0.05366,0.04847,0.04917,0.04164,0.85693,0.87239
ours,mit_only,bv1k,1000,43,best_val_ll,selected,0.07462,0.06982,2,0.07272,0.07462,0.06096,0.06982,0.05834,0.85437,0.87239
ours,mit_only,bv10k,10000,42,best_val_ll,selected,0.03204,0.0262,2,0.03204,0.03369,0.0262,0.02776,0.02628,0.86061,0.87239
ours,mit_only,bv10k,10000,43,best_val_ll,selected,0.04573,0.04444,2,0.0437,0.04573,0.04097,0.04444,0.03663,0.85768,0.87239
ours,mit_only,bv50k,50000,42,best_val_ll,selected,0.04455,0.03969,2,0.04313,0.04455,0.03969,0.0424,0.03856,0.85787,0.87239
ours,mit_only,bv50k,50000,43,best_val_ll,selected,0.03559,0.03183,2,0.03396,0.03559,0.03183,0.03311,0.03265,0.85925,0.87239
ours,mit_only,bv100k,100000,42,best_val_ll,selected,0.03937,0.03886,2,0.03937,0.04052,0.03816,0.03886,0.03581,0.85874,0.87239
ours,mit_only,bv100k,100000,43,best_val_ll,selected,0.0341,0.03139,2,0.03348,0.0341,0.03016,0.03139,0.03339,0.86013,0.87239
ours,mit_only,bv200k,200000,42,best_val_ll,selected,0.03972,0.04074,2,0.03824,0.03972,0.04074,0.04172,0.03612,0.85788,0.87239
ours,mit_only,bv200k,200000,43,best_val_ll,selected,0.03579,0.03242,2,0.03457,0.03579,0.03242,0.03672,0.03125,0.85894,0.87239
ours,mit_only,bv400k,400000,42,best_val_ll,selected,0.03554,0.03669,2,0.03453,0.03554,0.03491,0.03669,0.03058,0.85886,0.87239
ours,mit_only,bv400k,400000,43,best_val_ll,selected,0.03335,0.03643,2,0.03149,0.03335,0.03294,0.03643,0.03192,0.85985,0.87239
ours,mit_only,bv800k,800000,42,best_val_ll,selected,0.03873,0.0381,2,0.03381,0.03873,0.0381,0.04031,0.03356,0.85873,0.87239
ours,mit_only,bv800k,800000,43,best_val_ll,selected,0.03252,0.03296,2,0.02973,0.03252,0.03296,0.03425,0.03004,0.85975,0.87239
scandiff,joint,scratch,0,0,epoch_170,-,0.02831,0.02916,1,0.02831,0.02831,0.02916,0.02916,0.02465,0.86502,0.87239
scandiff,joint,scratch,0,1,epoch_50,-,0.02833,0.02692,1,0.02833,0.02833,0.02692,0.02692,0.03449,0.86617,0.87239
