size,n_images,res,ll_img,ll_fix,ig_cb_img,ig_cb_fix,cb_ll_img,nss_img,nss_fix,auc_img,auc_fix
1k,1000,64,0.817,0.808,-0.19,-0.185,1.007,1.244,1.213,0.796,0.795
1k,1000,128,0.819,0.811,-0.166,-0.161,0.986,1.247,1.217,0.795,0.795
1k,1000,224,0.816,0.808,-0.161,-0.156,0.977,1.245,1.215,0.795,0.794
10k,10000,64,-0.619,-0.66,-1.626,-1.653,1.007,0.766,0.73,0.705,0.701
10k,10000,128,-0.58,-0.622,-1.566,-1.594,0.986,0.776,0.74,0.705,0.701
10k,10000,224,-0.583,-0.625,-1.56,-1.588,0.977,0.778,0.742,0.705,0.701
50k,50000,64,-1.042,-1.072,-2.048,-2.065,1.007,0.766,0.729,0.706,0.702
50k,50000,128,-0.978,-1.01,-1.963,-1.981,0.986,0.785,0.748,0.707,0.704
50k,50000,224,-0.981,-1.013,-1.958,-1.976,0.977,0.784,0.746,0.707,0.704
100k,100000,64,-1.053,-1.084,-2.06,-2.078,1.007,0.765,0.724,0.698,0.694
100k,100000,128,-0.978,-1.011,-1.964,-1.983,0.986,0.786,0.745,0.7,0.696
100k,100000,224,-0.982,-1.015,-1.959,-1.978,0.977,0.787,0.746,0.7,0.696
200k,200000,64,-1.406,-1.441,-2.413,-2.434,1.007,0.691,0.653,0.694,0.691
200k,200000,128,-1.325,-1.361,-2.31,-2.333,0.986,0.71,0.672,0.696,0.692
200k,200000,224,-1.328,-1.363,-2.305,-2.326,0.977,0.712,0.674,0.696,0.692
400k,400000,64,-1.85,-1.889,-2.856,-2.882,1.007,0.654,0.618,0.681,0.676
400k,400000,128,-1.746,-1.788,-2.731,-2.76,0.986,0.675,0.639,0.683,0.678
400k,400000,224,-1.752,-1.793,-2.729,-2.756,0.977,0.675,0.639,0.683,0.678
800k,800000,64,-1.879,-1.91,-2.885,-2.903,1.007,0.656,0.621,0.685,0.681
800k,800000,128,-1.769,-1.803,-2.755,-2.775,0.986,0.678,0.643,0.687,0.683
800k,800000,224,-1.777,-1.81,-2.754,-2.773,0.977,0.678,0.642,0.687,0.683
